,name,url
0,AAZQ,https://fnet.bmfbovespa.com.br/fnet/publico/exibirDocumento?id=759009&cvm=true
0,AAZQ,https://fnet.bmfbovespa.com.br/fnet/publico/exibirDocumento?id=738674&cvm=true
0,AAZQ,https://fnet.bmfbovespa.com.br/fnet/publico/exibirDocumento?id=718420&cvm=true
0,AAZQ,https://fnet.bmfbovespa.com.br/fnet/publico/exibirDocumento?id=695159&cvm=true
0,AAZQ,https://fnet.bmfbovespa.com.br/fnet/publico/exibirDocumento?id=679975&cvm=true
0,AAZQ,https://fnet.bmfbovespa.com.br/fnet/publico/exibirDocumento?id=656911&cvm=true
0,AAZQ,https://fnet.bmfbovespa.com.br/fnet/publico/exibirDocumento?id=640434&cvm=true
0,AAZQ,https://fnet.bmfbovespa.com.br/fnet/publico/exibirDocumento?id=620433&cvm=true
0,AAZQ,https://fnet.bmfbovespa.com.br/fnet/publico/exibirDocumento?id=602955&cvm=true
0,AAZQ,https://fnet.bmfbovespa.com.br/fnet/publico/exibirDocumento?id=585106&cvm=true
0,AAZQ,https://fnet.bmfbovespa.com.br/fnet/publico/exibirDocumento?id=571450&cvm=true
0,AAZQ,https://fnet.bmfbovespa.com.br/fnet/publico/exibirDocumento?id=555806&cvm=true
0,AAZQ,https://fnet.bmfbovespa.com.br/fnet/publico/exibirDocumento?id=537287&cvm=true
0,AAZQ,https://fnet.bmfbovespa.com.br/fnet/publico/exibirDocumento?id=522586&cvm=true
0,AAZQ,https://fnet.bmfbovespa.com.br/fnet/publico/exibirDocumento?id=509392&cvm=true
0,AAZQ,https://fnet.bmfbovespa.com.br/fnet/publico/exibirDocumento?id=492980&cvm=true
0,AAZQ,https://fnet.bmfbovespa.com.br/fnet/publico/exibirDocumento?id=479453&cvm=true
0,AAZQ,https://fnet.bmfbovespa.com.br/fnet/publico/exibirDocumento?id=462092&cvm=true
0,AAZQ,https://fnet.bmfbovespa.com.br/fnet/publico/exibirDocumento?id=447184&cvm=true
0,AAZQ,https://fnet.bmfbovespa.com.br/fnet/publico/exibirDocumento?id=430591&cvm=true
0,AAZQ,https://fnet.bmfbovespa.com.br/fnet/publico/exibirDocumento?id=418914&cvm=true
0,AAZQ,https://fnet.bmfbovespa.com.br/fnet/publico/exibirDocumento?id=402698&cvm=true
0,AGRX,https://fnet.bmfbovespa.com.br/fnet/publico/exibirDocumento?id=759354&cvm=true
0,AGRX,https://fnet.bmfbovespa.com.br/fnet/publico/exibirDocumento?id=740354&cvm=true
0,AGRX,https://fnet.bmfbovespa.com.br/fnet/publico/exibirDocumento?id=740082&cvm=true
0,AGRX,https://fnet.bmfbovespa.com.br/fnet/publico/exibirDocumento?id=740021&cvm=true
0,AGRX,https://fnet.bmfbovespa.com.br/fnet/publico/exibirDocumento?id=738736&cvm=true
0,AGRX,https://fnet.bmfbovespa.com.br/fnet/publico/exibirDocumento?id=721544&cvm=true
0,AGRX,https://fnet.bmfbovespa.com.br/fnet/publico/exibirDocumento?id=699912&cvm=true
0,AGRX,https://fnet.bmfbovespa.com.br/fnet/publico/exibirDocumento?id=681065&cvm=true
0,AGRX,https://fnet.bmfbovespa.com.br/fnet/publico/exibirDocumento?id=660786&cvm=true
0,AGRX,https://fnet.bmfbovespa.com.br/fnet/publico/exibirDocumento?id=640986&cvm=true
0,AGRX,https://fnet.bmfbovespa.com.br/fnet/publico/exibirDocumento?id=640560&cvm=true
0,AGRX,https://fnet.bmfbovespa.com.br/fnet/publico/exibirDocumento?id=621730&cvm=true
0,AGRX,https://fnet.bmfbovespa.com.br/fnet/publico/exibirDocumento?id=605142&cvm=true
0,AGRX,https://fnet.bmfbovespa.com.br/fnet/publico/exibirDocumento?id=585198&cvm=true
0,AGRX,https://fnet.bmfbovespa.com.br/fnet/publico/exibirDocumento?id=569306&cvm=true
0,AGRX,https://fnet.bmfbovespa.com.br/fnet/publico/exibirDocumento?id=555050&cvm=true
0,AGRX,https://fnet.bmfbovespa.com.br/fnet/publico/exibirDocumento?id=541233&cvm=true
0,AGRX,https://fnet.bmfbovespa.com.br/fnet/publico/exibirDocumento?id=541208&cvm=true
0,AGRX,https://fnet.bmfbovespa.com.br/fnet/publico/exibirDocumento?id=541222&cvm=true
0,AGRX,https://fnet.bmfbovespa.com.br/fnet/publico/exibirDocumento?id=541232&cvm=true
0,AGRX,https://fnet.bmfbovespa.com.br/fnet/publico/exibirDocumento?id=541235&cvm=true
0,AGRX,https://fnet.bmfbovespa.com.br/fnet/publico/exibirDocumento?id=541211&cvm=true
0,AGRX,https://fnet.bmfbovespa.com.br/fnet/publico/exibirDocumento?id=535840&cvm=true
0,AGRX,https://fnet.bmfbovespa.com.br/fnet/publico/exibirDocumento?id=520333&cvm=true
0,AGRX,https://fnet.bmfbovespa.com.br/fnet/publico/exibirDocumento?id=505759&cvm=true
0,AGRX,https://fnet.bmfbovespa.com.br/fnet/publico/exibirDocumento?id=491194&cvm=true
0,AGRX,https://fnet.bmfbovespa.com.br/fnet/publico/exibirDocumento?id=476912&cvm=true
0,AGRX,https://fnet.bmfbovespa.com.br/fnet/publico/exibirDocumento?id=462351&cvm=true
0,AGRX,https://fnet.bmfbovespa.com.br/fnet/publico/exibirDocumento?id=446977&cvm=true
0,AGRX,https://fnet.bmfbovespa.com.br/fnet/publico/exibirDocumento?id=429175&cvm=true
0,AGRX,https://fnet.bmfbovespa.com.br/fnet/publico/exibirDocumento?id=413855&cvm=true
0,AGRX,https://fnet.bmfbovespa.com.br/fnet/publico/exibirDocumento?id=401662&cvm=true
0,AGRX,https://fnet.bmfbovespa.com.br/fnet/publico/exibirDocumento?id=390863&cvm=true
0,AGRX,https://fnet.bmfbovespa.com.br/fnet/publico/exibirDocumento?id=388690&cvm=true
0,AGRX,https://fnet.bmfbovespa.com.br/fnet/publico/exibirDocumento?id=377195&cvm=true
0,AGRX,https://fnet.bmfbovespa.com.br/fnet/publico/exibirDocumento?id=365713&cvm=true
0,AGRX,https://fnet.bmfbovespa.com.br/fnet/publico/exibirDocumento?id=352637&cvm=true
0,AGRX,https://fnet.bmfbovespa.com.br/fnet/publico/exibirDocumento?id=342233&cvm=true
0,AGRX,https://fnet.bmfbovespa.com.br/fnet/publico/exibirDocumento?id=339724&cvm=true
0,AGRX,https://fnet.bmfbovespa.com.br/fnet/publico/exibirDocumento?id=324901&cvm=true
0,AGRX,https://fnet.bmfbovespa.com.br/fnet/publico/exibirDocumento?id=315954&cvm=true
0,BBGO,https://fnet.bmfbovespa.com.br/fnet/publico/exibirDocumento?id=754467&cvm=true
0,BBGO,https://fnet.bmfbovespa.com.br/fnet/publico/exibirDocumento?id=737216&cvm=true
0,BBGO,https://fnet.bmfbovespa.com.br/fnet/publico/exibirDocumento?id=716542&cvm=true
0,BBGO,https://fnet.bmfbovespa.com.br/fnet/publico/exibirDocumento?id=692115&cvm=true
0,BBGO,https://fnet.bmfbovespa.com.br/fnet/publico/exibirDocumento?id=679932&cvm=true
0,BBGO,https://fnet.bmfbovespa.com.br/fnet/publico/exibirDocumento?id=658975&cvm=true
0,BBGO,https://fnet.bmfbovespa.com.br/fnet/publico/exibirDocumento?id=637269&cvm=true
0,BBGO,https://fnet.bmfbovespa.com.br/fnet/publico/exibirDocumento?id=620359&cvm=true
0,BBGO,https://fnet.bmfbovespa.com.br/fnet/publico/exibirDocumento?id=599854&cvm=true
0,BBGO,https://fnet.bmfbovespa.com.br/fnet/publico/exibirDocumento?id=583154&cvm=true
0,BBGO,https://fnet.bmfbovespa.com.br/fnet/publico/exibirDocumento?id=568131&cvm=true
0,BBGO,https://fnet.bmfbovespa.com.br/fnet/publico/exibirDocumento?id=551213&cvm=true
0,BBGO,https://fnet.bmfbovespa.com.br/fnet/publico/exibirDocumento?id=531749&cvm=true
0,BBGO,https://fnet.bmfbovespa.com.br/fnet/publico/exibirDocumento?id=517212&cvm=true
0,BBGO,https://fnet.bmfbovespa.com.br/fnet/publico/exibirDocumento?id=506561&cvm=true
0,BBGO,https://fnet.bmfbovespa.com.br/fnet/publico/exibirDocumento?id=490328&cvm=true
0,BBGO,https://fnet.bmfbovespa.com.br/fnet/publico/exibirDocumento?id=476923&cvm=true
0,BBGO,https://fnet.bmfbovespa.com.br/fnet/publico/exibirDocumento?id=460481&cvm=true
0,BBGO,https://fnet.bmfbovespa.com.br/fnet/publico/exibirDocumento?id=444411&cvm=true
0,BBGO,https://fnet.bmfbovespa.com.br/fnet/publico/exibirDocumento?id=429371&cvm=true
0,BBGO,https://fnet.bmfbovespa.com.br/fnet/publico/exibirDocumento?id=417849&cvm=true
0,BBGO,https://fnet.bmfbovespa.com.br/fnet/publico/exibirDocumento?id=400869&cvm=true
0,BBGO,https://fnet.bmfbovespa.com.br/fnet/publico/exibirDocumento?id=389931&cvm=true
0,BBGO,https://fnet.bmfbovespa.com.br/fnet/publico/exibirDocumento?id=377707&cvm=true
0,BBGO,https://fnet.bmfbovespa.com.br/fnet/publico/exibirDocumento?id=363924&cvm=true
0,BBGO,https://fnet.bmfbovespa.com.br/fnet/publico/exibirDocumento?id=350489&cvm=true
0,BBGO,https://fnet.bmfbovespa.com.br/fnet/publico/exibirDocumento?id=336107&cvm=true
0,BBGO,https://fnet.bmfbovespa.com.br/fnet/publico/exibirDocumento?id=325889&cvm=true
0,BBGO,https://fnet.bmfbovespa.com.br/fnet/publico/exibirDocumento?id=314378&cvm=true
0,BBGO,https://fnet.bmfbovespa.com.br/fnet/publico/exibirDocumento?id=302091&cvm=true
0,BBGO,https://fnet.bmfbovespa.com.br/fnet/publico/exibirDocumento?id=288422&cvm=true
0,BBGO,https://fnet.bmfbovespa.com.br/fnet/publico/exibirDocumento?id=276402&cvm=true
0,BBGO,https://fnet.bmfbovespa.com.br/fnet/publico/exibirDocumento?id=268068&cvm=true
0,CPTR,https://fnet.bmfbovespa.com.br/fnet/publico/exibirDocumento?id=758752&cvm=true
0,CPTR,https://fnet.bmfbovespa.com.br/fnet/publico/exibirDocumento?id=749483&cvm=true
0,CPTR,https://fnet.bmfbovespa.com.br/fnet/publico/exibirDocumento?id=749492&cvm=true
0,CPTR,https://fnet.bmfbovespa.com.br/fnet/publico/exibirDocumento?id=749498&cvm=true
0,CPTR,https://fnet.bmfbovespa.com.br/fnet/publico/exibirDocumento?id=739072&cvm=true
0,CPTR,https://fnet.bmfbovespa.com.br/fnet/publico/exibirDocumento?id=719546&cvm=true
0,CPTR,https://fnet.bmfbovespa.com.br/fnet/publico/exibirDocumento?id=699316&cvm=true
0,CPTR,https://fnet.bmfbovespa.com.br/fnet/publico/exibirDocumento?id=682306&cvm=true
0,CPTR,https://fnet.bmfbovespa.com.br/fnet/publico/exibirDocumento?id=663692&cvm=true
0,CPTR,https://fnet.bmfbovespa.com.br/fnet/publico/exibirDocumento?id=640623&cvm=true
0,CPTR,https://fnet.bmfbovespa.com.br/fnet/publico/exibirDocumento?id=621545&cvm=true
0,CPTR,https://fnet.bmfbovespa.com.br/fnet/publico/exibirDocumento?id=605313&cvm=true
0,CPTR,https://fnet.bmfbovespa.com.br/fnet/publico/exibirDocumento?id=585293&cvm=true
0,CPTR,https://fnet.bmfbovespa.com.br/fnet/publico/exibirDocumento?id=571383&cvm=true
0,CPTR,https://fnet.bmfbovespa.com.br/fnet/publico/exibirDocumento?id=555783&cvm=true
0,CPTR,https://fnet.bmfbovespa.com.br/fnet/publico/exibirDocumento?id=537246&cvm=true
0,CPTR,https://fnet.bmfbovespa.com.br/fnet/publico/exibirDocumento?id=522377&cvm=true
0,CPTR,https://fnet.bmfbovespa.com.br/fnet/publico/exibirDocumento?id=509508&cvm=true
0,CPTR,https://fnet.bmfbovespa.com.br/fnet/publico/exibirDocumento?id=493046&cvm=true
0,CPTR,https://fnet.bmfbovespa.com.br/fnet/publico/exibirDocumento?id=479443&cvm=true
0,CPTR,https://fnet.bmfbovespa.com.br/fnet/publico/exibirDocumento?id=473350&cvm=true
0,CPTR,https://fnet.bmfbovespa.com.br/fnet/publico/exibirDocumento?id=473351&cvm=true
0,CPTR,https://fnet.bmfbovespa.com.br/fnet/publico/exibirDocumento?id=473349&cvm=true
0,CPTR,https://fnet.bmfbovespa.com.br/fnet/publico/exibirDocumento?id=471647&cvm=true
0,CPTR,https://fnet.bmfbovespa.com.br/fnet/publico/exibirDocumento?id=464714&cvm=true
0,CPTR,https://fnet.bmfbovespa.com.br/fnet/publico/exibirDocumento?id=447285&cvm=true
0,CPTR,https://fnet.bmfbovespa.com.br/fnet/publico/exibirDocumento?id=430793&cvm=true
0,CPTR,https://fnet.bmfbovespa.com.br/fnet/publico/exibirDocumento?id=418875&cvm=true
0,CPTR,https://fnet.bmfbovespa.com.br/fnet/publico/exibirDocumento?id=402759&cvm=true
0,CPTR,https://fnet.bmfbovespa.com.br/fnet/publico/exibirDocumento?id=390580&cvm=true
0,CPTR,https://fnet.bmfbovespa.com.br/fnet/publico/exibirDocumento?id=379610&cvm=true
0,CPTR,https://fnet.bmfbovespa.com.br/fnet/publico/exibirDocumento?id=365793&cvm=true
0,CPTR,https://fnet.bmfbovespa.com.br/fnet/publico/exibirDocumento?id=352288&cvm=true
0,CPTR,https://fnet.bmfbovespa.com.br/fnet/publico/exibirDocumento?id=340271&cvm=true
0,CPTR,https://fnet.bmfbovespa.com.br/fnet/publico/exibirDocumento?id=327937&cvm=true
0,CPTR,https://fnet.bmfbovespa.com.br/fnet/publico/exibirDocumento?id=315483&cvm=true
0,CPTR,https://fnet.bmfbovespa.com.br/fnet/publico/exibirDocumento?id=307252&cvm=true
0,CPTR,https://fnet.bmfbovespa.com.br/fnet/publico/exibirDocumento?id=305933&cvm=true
0,CPTR,https://fnet.bmfbovespa.com.br/fnet/publico/exibirDocumento?id=291166&cvm=true
0,CRAA,https://fnet.bmfbovespa.com.br/fnet/publico/exibirDocumento?id=758763&cvm=true
0,CRAA,https://fnet.bmfbovespa.com.br/fnet/publico/exibirDocumento?id=739109&cvm=true
0,CRAA,https://fnet.bmfbovespa.com.br/fnet/publico/exibirDocumento?id=719554&cvm=true
0,CRAA,https://fnet.bmfbovespa.com.br/fnet/publico/exibirDocumento?id=699289&cvm=true
0,CRAA,https://fnet.bmfbovespa.com.br/fnet/publico/exibirDocumento?id=682316&cvm=true
0,CRAA,https://fnet.bmfbovespa.com.br/fnet/publico/exibirDocumento?id=663715&cvm=true
0,CRAA,https://fnet.bmfbovespa.com.br/fnet/publico/exibirDocumento?id=640598&cvm=true
0,CRAA,https://fnet.bmfbovespa.com.br/fnet/publico/exibirDocumento?id=621519&cvm=true
0,CRAA,https://fnet.bmfbovespa.com.br/fnet/publico/exibirDocumento?id=605417&cvm=true
0,CRAA,https://fnet.bmfbovespa.com.br/fnet/publico/exibirDocumento?id=585230&cvm=true
0,CRAA,https://fnet.bmfbovespa.com.br/fnet/publico/exibirDocumento?id=571443&cvm=true
0,CRAA,https://fnet.bmfbovespa.com.br/fnet/publico/exibirDocumento?id=555937&cvm=true
0,CRAA,https://fnet.bmfbovespa.com.br/fnet/publico/exibirDocumento?id=537430&cvm=true
0,CRAA,https://fnet.bmfbovespa.com.br/fnet/publico/exibirDocumento?id=522522&cvm=true
0,CRAA,https://fnet.bmfbovespa.com.br/fnet/publico/exibirDocumento?id=510993&cvm=true
0,CRAA,https://fnet.bmfbovespa.com.br/fnet/publico/exibirDocumento?id=510992&cvm=true
0,CRAA,https://fnet.bmfbovespa.com.br/fnet/publico/exibirDocumento?id=509565&cvm=true
0,CRAA,https://fnet.bmfbovespa.com.br/fnet/publico/exibirDocumento?id=493099&cvm=true
0,CRAA,https://fnet.bmfbovespa.com.br/fnet/publico/exibirDocumento?id=479445&cvm=true
0,CRAA,https://fnet.bmfbovespa.com.br/fnet/publico/exibirDocumento?id=473355&cvm=true
0,CRAA,https://fnet.bmfbovespa.com.br/fnet/publico/exibirDocumento?id=473352&cvm=true
0,CRAA,https://fnet.bmfbovespa.com.br/fnet/publico/exibirDocumento?id=473354&cvm=true
0,CRAA,https://fnet.bmfbovespa.com.br/fnet/publico/exibirDocumento?id=473353&cvm=true
0,CRAA,https://fnet.bmfbovespa.com.br/fnet/publico/exibirDocumento?id=464752&cvm=true
0,CRAA,https://fnet.bmfbovespa.com.br/fnet/publico/exibirDocumento?id=447341&cvm=true
0,CRAA,https://fnet.bmfbovespa.com.br/fnet/publico/exibirDocumento?id=433028&cvm=true
0,DCRA,https://fnet.bmfbovespa.com.br/fnet/publico/exibirDocumento?id=759557&cvm=true
0,DCRA,https://fnet.bmfbovespa.com.br/fnet/publico/exibirDocumento?id=758190&cvm=true
0,DCRA,https://fnet.bmfbovespa.com.br/fnet/publico/exibirDocumento?id=739926&cvm=true
0,DCRA,https://fnet.bmfbovespa.com.br/fnet/publico/exibirDocumento?id=719416&cvm=true
0,DCRA,https://fnet.bmfbovespa.com.br/fnet/publico/exibirDocumento?id=699821&cvm=true
0,DCRA,https://fnet.bmfbovespa.com.br/fnet/publico/exibirDocumento?id=680435&cvm=true
0,DCRA,https://fnet.bmfbovespa.com.br/fnet/publico/exibirDocumento?id=661994&cvm=true
0,DCRA,https://fnet.bmfbovespa.com.br/fnet/publico/exibirDocumento?id=641512&cvm=true
0,DCRA,https://fnet.bmfbovespa.com.br/fnet/publico/exibirDocumento?id=617530&cvm=true
0,DCRA,https://fnet.bmfbovespa.com.br/fnet/publico/exibirDocumento?id=604483&cvm=true
0,DCRA,https://fnet.bmfbovespa.com.br/fnet/publico/exibirDocumento?id=584274&cvm=true
0,DCRA,https://fnet.bmfbovespa.com.br/fnet/publico/exibirDocumento?id=567534&cvm=true
0,DCRA,https://fnet.bmfbovespa.com.br/fnet/publico/exibirDocumento?id=553558&cvm=true
0,DCRA,https://fnet.bmfbovespa.com.br/fnet/publico/exibirDocumento?id=536656&cvm=true
0,DCRA,https://fnet.bmfbovespa.com.br/fnet/publico/exibirDocumento?id=521781&cvm=true
0,DCRA,https://fnet.bmfbovespa.com.br/fnet/publico/exibirDocumento?id=507597&cvm=true
0,DCRA,https://fnet.bmfbovespa.com.br/fnet/publico/exibirDocumento?id=490712&cvm=true
0,DCRA,https://fnet.bmfbovespa.com.br/fnet/publico/exibirDocumento?id=476722&cvm=true
0,DCRA,https://fnet.bmfbovespa.com.br/fnet/publico/exibirDocumento?id=462766&cvm=true
0,DCRA,https://fnet.bmfbovespa.com.br/fnet/publico/exibirDocumento?id=446384&cvm=true
0,DCRA,https://fnet.bmfbovespa.com.br/fnet/publico/exibirDocumento?id=430609&cvm=true
0,DCRA,https://fnet.bmfbovespa.com.br/fnet/publico/exibirDocumento?id=430504&cvm=true
0,DCRA,https://fnet.bmfbovespa.com.br/fnet/publico/exibirDocumento?id=419058&cvm=true
0,DCRA,https://fnet.bmfbovespa.com.br/fnet/publico/exibirDocumento?id=402106&cvm=true
0,DCRA,https://fnet.bmfbovespa.com.br/fnet/publico/exibirDocumento?id=392192&cvm=true
0,DCRA,https://fnet.bmfbovespa.com.br/fnet/publico/exibirDocumento?id=390380&cvm=true
0,DCRA,https://fnet.bmfbovespa.com.br/fnet/publico/exibirDocumento?id=378030&cvm=true
0,DCRA,https://fnet.bmfbovespa.com.br/fnet/publico/exibirDocumento?id=364116&cvm=true
0,DCRA,https://fnet.bmfbovespa.com.br/fnet/publico/exibirDocumento?id=351174&cvm=true
0,DCRA,https://fnet.bmfbovespa.com.br/fnet/publico/exibirDocumento?id=336316&cvm=true
0,DCRA,https://fnet.bmfbovespa.com.br/fnet/publico/exibirDocumento?id=323748&cvm=true
0,DCRA,https://fnet.bmfbovespa.com.br/fnet/publico/exibirDocumento?id=315050&cvm=true
0,DCRA,https://fnet.bmfbovespa.com.br/fnet/publico/exibirDocumento?id=303279&cvm=true
0,DCRA,https://fnet.bmfbovespa.com.br/fnet/publico/exibirDocumento?id=286089&cvm=true
0,DCRA,https://fnet.bmfbovespa.com.br/fnet/publico/exibirDocumento?id=274642&cvm=true
0,DCRA,https://fnet.bmfbovespa.com.br/fnet/publico/exibirDocumento?id=263799&cvm=true
0,EGAF,https://fnet.bmfbovespa.com.br/fnet/publico/exibirDocumento?id=760122&cvm=true
0,EGAF,https://fnet.bmfbovespa.com.br/fnet/publico/exibirDocumento?id=738926&cvm=true
0,EGAF,https://fnet.bmfbovespa.com.br/fnet/publico/exibirDocumento?id=716514&cvm=true
0,EGAF,https://fnet.bmfbovespa.com.br/fnet/publico/exibirDocumento?id=700195&cvm=true
0,EGAF,https://fnet.bmfbovespa.com.br/fnet/publico/exibirDocumento?id=676718&cvm=true
0,EGAF,https://fnet.bmfbovespa.com.br/fnet/publico/exibirDocumento?id=662889&cvm=true
0,EGAF,https://fnet.bmfbovespa.com.br/fnet/publico/exibirDocumento?id=641994&cvm=true
0,EGAF,https://fnet.bmfbovespa.com.br/fnet/publico/exibirDocumento?id=621872&cvm=true
0,EGAF,https://fnet.bmfbovespa.com.br/fnet/publico/exibirDocumento?id=604724&cvm=true
0,EGAF,https://fnet.bmfbovespa.com.br/fnet/publico/exibirDocumento?id=585374&cvm=true
0,EGAF,https://fnet.bmfbovespa.com.br/fnet/publico/exibirDocumento?id=571119&cvm=true
0,EGAF,https://fnet.bmfbovespa.com.br/fnet/publico/exibirDocumento?id=556105&cvm=true
0,EGAF,https://fnet.bmfbovespa.com.br/fnet/publico/exibirDocumento?id=537172&cvm=true
0,EGAF,https://fnet.bmfbovespa.com.br/fnet/publico/exibirDocumento?id=521460&cvm=true
0,EGAF,https://fnet.bmfbovespa.com.br/fnet/publico/exibirDocumento?id=506602&cvm=true
0,EGAF,https://fnet.bmfbovespa.com.br/fnet/publico/exibirDocumento?id=491795&cvm=true
0,EGAF,https://fnet.bmfbovespa.com.br/fnet/publico/exibirDocumento?id=479089&cvm=true
0,EGAF,https://fnet.bmfbovespa.com.br/fnet/publico/exibirDocumento?id=464441&cvm=true
0,EGAF,https://fnet.bmfbovespa.com.br/fnet/publico/exibirDocumento?id=446508&cvm=true
0,EGAF,https://fnet.bmfbovespa.com.br/fnet/publico/exibirDocumento?id=429539&cvm=true
0,EGAF,https://fnet.bmfbovespa.com.br/fnet/publico/exibirDocumento?id=418193&cvm=true
0,EGAF,https://fnet.bmfbovespa.com.br/fnet/publico/exibirDocumento?id=401390&cvm=true
0,EGAF,https://fnet.bmfbovespa.com.br/fnet/publico/exibirDocumento?id=389180&cvm=true
0,EGAF,https://fnet.bmfbovespa.com.br/fnet/publico/exibirDocumento?id=378050&cvm=true
0,EGAF,https://fnet.bmfbovespa.com.br/fnet/publico/exibirDocumento?id=365987&cvm=true
0,EGAF,https://fnet.bmfbovespa.com.br/fnet/publico/exibirDocumento?id=351449&cvm=true
0,EGAF,https://fnet.bmfbovespa.com.br/fnet/publico/exibirDocumento?id=336869&cvm=true
0,EGAF,https://fnet.bmfbovespa.com.br/fnet/publico/exibirDocumento?id=326438&cvm=true
0,EGAF,https://fnet.bmfbovespa.com.br/fnet/publico/exibirDocumento?id=314997&cvm=true
0,EGAF,https://fnet.bmfbovespa.com.br/fnet/publico/exibirDocumento?id=307080&cvm=true
0,EGAF,https://fnet.bmfbovespa.com.br/fnet/publico/exibirDocumento?id=307078&cvm=true
0,EGAF,https://fnet.bmfbovespa.com.br/fnet/publico/exibirDocumento?id=307076&cvm=true
0,EGAF,https://fnet.bmfbovespa.com.br/fnet/publico/exibirDocumento?id=307075&cvm=true
0,EGAF,https://fnet.bmfbovespa.com.br/fnet/publico/exibirDocumento?id=307081&cvm=true
0,EGAF,https://fnet.bmfbovespa.com.br/fnet/publico/exibirDocumento?id=307082&cvm=true
0,EGAF,https://fnet.bmfbovespa.com.br/fnet/publico/exibirDocumento?id=307073&cvm=true
0,EGAF,https://fnet.bmfbovespa.com.br/fnet/publico/exibirDocumento?id=303609&cvm=true
0,EGAF,https://fnet.bmfbovespa.com.br/fnet/publico/exibirDocumento?id=289914&cvm=true
0,EGAF,https://fnet.bmfbovespa.com.br/fnet/publico/exibirDocumento?id=276820&cvm=true
0,EGAF,https://fnet.bmfbovespa.com.br/fnet/publico/exibirDocumento?id=266083&cvm=true
0,EGAF,https://fnet.bmfbovespa.com.br/fnet/publico/exibirDocumento?id=256053&cvm=true
0,FGAA,https://fnet.bmfbovespa.com.br/fnet/publico/exibirDocumento?id=757315&cvm=true
0,FGAA,https://fnet.bmfbovespa.com.br/fnet/publico/exibirDocumento?id=736506&cvm=true
0,FGAA,https://fnet.bmfbovespa.com.br/fnet/publico/exibirDocumento?id=717256&cvm=true
0,FGAA,https://fnet.bmfbovespa.com.br/fnet/publico/exibirDocumento?id=697804&cvm=true
0,FGAA,https://fnet.bmfbovespa.com.br/fnet/publico/exibirDocumento?id=678083&cvm=true
0,FGAA,https://fnet.bmfbovespa.com.br/fnet/publico/exibirDocumento?id=661712&cvm=true
0,FGAA,https://fnet.bmfbovespa.com.br/fnet/publico/exibirDocumento?id=638006&cvm=true
0,FGAA,https://fnet.bmfbovespa.com.br/fnet/publico/exibirDocumento?id=619909&cvm=true
0,FGAA,https://fnet.bmfbovespa.com.br/fnet/publico/exibirDocumento?id=603878&cvm=true
0,FGAA,https://fnet.bmfbovespa.com.br/fnet/publico/exibirDocumento?id=584226&cvm=true
0,FGAA,https://fnet.bmfbovespa.com.br/fnet/publico/exibirDocumento?id=568704&cvm=true
0,FGAA,https://fnet.bmfbovespa.com.br/fnet/publico/exibirDocumento?id=552912&cvm=true
0,FGAA,https://fnet.bmfbovespa.com.br/fnet/publico/exibirDocumento?id=534870&cvm=true
0,FGAA,https://fnet.bmfbovespa.com.br/fnet/publico/exibirDocumento?id=519576&cvm=true
0,FGAA,https://fnet.bmfbovespa.com.br/fnet/publico/exibirDocumento?id=504705&cvm=true
0,FGAA,https://fnet.bmfbovespa.com.br/fnet/publico/exibirDocumento?id=489900&cvm=true
0,FGAA,https://fnet.bmfbovespa.com.br/fnet/publico/exibirDocumento?id=477597&cvm=true
0,FGAA,https://fnet.bmfbovespa.com.br/fnet/publico/exibirDocumento?id=476683&cvm=true
0,FGAA,https://fnet.bmfbovespa.com.br/fnet/publico/exibirDocumento?id=461428&cvm=true
0,FGAA,https://fnet.bmfbovespa.com.br/fnet/publico/exibirDocumento?id=445424&cvm=true
0,FGAA,https://fnet.bmfbovespa.com.br/fnet/publico/exibirDocumento?id=429074&cvm=true
0,FGAA,https://fnet.bmfbovespa.com.br/fnet/publico/exibirDocumento?id=417585&cvm=true
0,FGAA,https://fnet.bmfbovespa.com.br/fnet/publico/exibirDocumento?id=401035&cvm=true
0,FGAA,https://fnet.bmfbovespa.com.br/fnet/publico/exibirDocumento?id=388623&cvm=true
0,FGAA,https://fnet.bmfbovespa.com.br/fnet/publico/exibirDocumento?id=378128&cvm=true
0,FGAA,https://fnet.bmfbovespa.com.br/fnet/publico/exibirDocumento?id=363898&cvm=true
0,FGAA,https://fnet.bmfbovespa.com.br/fnet/publico/exibirDocumento?id=351650&cvm=true
0,FGAA,https://fnet.bmfbovespa.com.br/fnet/publico/exibirDocumento?id=337866&cvm=true
0,FGAA,https://fnet.bmfbovespa.com.br/fnet/publico/exibirDocumento?id=327782&cvm=true
0,FGAA,https://fnet.bmfbovespa.com.br/fnet/publico/exibirDocumento?id=315982&cvm=true
0,FGAA,https://fnet.bmfbovespa.com.br/fnet/publico/exibirDocumento?id=303783&cvm=true
0,FGAA,https://fnet.bmfbovespa.com.br/fnet/publico/exibirDocumento?id=291340&cvm=true
0,FGAA,https://fnet.bmfbovespa.com.br/fnet/publico/exibirDocumento?id=277729&cvm=true
0,FGAA,https://fnet.bmfbovespa.com.br/fnet/publico/exibirDocumento?id=270437&cvm=true
0,FLEM,https://fnet.bmfbovespa.com.br/fnet/publico/exibirDocumento?id=759017&cvm=true
0,FLEM,https://fnet.bmfbovespa.com.br/fnet/publico/exibirDocumento?id=738682&cvm=true
0,FLEM,https://fnet.bmfbovespa.com.br/fnet/publico/exibirDocumento?id=718429&cvm=true
0,FLEM,https://fnet.bmfbovespa.com.br/fnet/publico/exibirDocumento?id=695153&cvm=true
0,FLEM,https://fnet.bmfbovespa.com.br/fnet/publico/exibirDocumento?id=679985&cvm=true
0,FLEM,https://fnet.bmfbovespa.com.br/fnet/publico/exibirDocumento?id=659830&cvm=true
0,FLEM,https://fnet.bmfbovespa.com.br/fnet/publico/exibirDocumento?id=640436&cvm=true
0,FLEM,https://fnet.bmfbovespa.com.br/fnet/publico/exibirDocumento?id=620397&cvm=true
0,FLEM,https://fnet.bmfbovespa.com.br/fnet/publico/exibirDocumento?id=602950&cvm=true
0,FLEM,https://fnet.bmfbovespa.com.br/fnet/publico/exibirDocumento?id=585115&cvm=true
0,FLEM,https://fnet.bmfbovespa.com.br/fnet/publico/exibirDocumento?id=571446&cvm=true
0,FLEM,https://fnet.bmfbovespa.com.br/fnet/publico/exibirDocumento?id=555517&cvm=true
0,FLEM,https://fnet.bmfbovespa.com.br/fnet/publico/exibirDocumento?id=536113&cvm=true
0,FLEM,https://fnet.bmfbovespa.com.br/fnet/publico/exibirDocumento?id=522584&cvm=true
0,FLEM,https://fnet.bmfbovespa.com.br/fnet/publico/exibirDocumento?id=509390&cvm=true
0,FLEM,https://fnet.bmfbovespa.com.br/fnet/publico/exibirDocumento?id=492957&cvm=true
0,FLEM,https://fnet.bmfbovespa.com.br/fnet/publico/exibirDocumento?id=479451&cvm=true
0,FLEM,https://fnet.bmfbovespa.com.br/fnet/publico/exibirDocumento?id=462024&cvm=true
0,FLEM,https://fnet.bmfbovespa.com.br/fnet/publico/exibirDocumento?id=447182&cvm=true
0,FZDB,https://fnet.bmfbovespa.com.br/fnet/publico/exibirDocumento?id=759018&cvm=true
0,FZDB,https://fnet.bmfbovespa.com.br/fnet/publico/exibirDocumento?id=738683&cvm=true
0,FZDB,https://fnet.bmfbovespa.com.br/fnet/publico/exibirDocumento?id=718430&cvm=true
0,FZDB,https://fnet.bmfbovespa.com.br/fnet/publico/exibirDocumento?id=698442&cvm=true
0,FZDB,https://fnet.bmfbovespa.com.br/fnet/publico/exibirDocumento?id=695154&cvm=true
0,FZDB,https://fnet.bmfbovespa.com.br/fnet/publico/exibirDocumento?id=679986&cvm=true
0,FZDB,https://fnet.bmfbovespa.com.br/fnet/publico/exibirDocumento?id=659852&cvm=true
0,FZDB,https://fnet.bmfbovespa.com.br/fnet/publico/exibirDocumento?id=640382&cvm=true
0,FZDB,https://fnet.bmfbovespa.com.br/fnet/publico/exibirDocumento?id=620398&cvm=true
0,FZDB,https://fnet.bmfbovespa.com.br/fnet/publico/exibirDocumento?id=606729&cvm=true
0,FZDB,https://fnet.bmfbovespa.com.br/fnet/publico/exibirDocumento?id=603055&cvm=true
0,FZDB,https://fnet.bmfbovespa.com.br/fnet/publico/exibirDocumento?id=585116&cvm=true
0,FZDB,https://fnet.bmfbovespa.com.br/fnet/publico/exibirDocumento?id=571447&cvm=true
0,FZDB,https://fnet.bmfbovespa.com.br/fnet/publico/exibirDocumento?id=555518&cvm=true
0,FZDB,https://fnet.bmfbovespa.com.br/fnet/publico/exibirDocumento?id=536114&cvm=true
0,FZDB,https://fnet.bmfbovespa.com.br/fnet/publico/exibirDocumento?id=522585&cvm=true
0,FZDB,https://fnet.bmfbovespa.com.br/fnet/publico/exibirDocumento?id=509391&cvm=true
0,FZDB,https://fnet.bmfbovespa.com.br/fnet/publico/exibirDocumento?id=492958&cvm=true
0,FZDB,https://fnet.bmfbovespa.com.br/fnet/publico/exibirDocumento?id=479452&cvm=true
0,FZDB,https://fnet.bmfbovespa.com.br/fnet/publico/exibirDocumento?id=462025&cvm=true
0,FZDB,https://fnet.bmfbovespa.com.br/fnet/publico/exibirDocumento?id=447183&cvm=true
0,GCRA,https://fnet.bmfbovespa.com.br/fnet/publico/exibirDocumento?id=759811&cvm=true
0,GCRA,https://fnet.bmfbovespa.com.br/fnet/publico/exibirDocumento?id=738699&cvm=true
0,GCRA,https://fnet.bmfbovespa.com.br/fnet/publico/exibirDocumento?id=720755&cvm=true
0,GCRA,https://fnet.bmfbovespa.com.br/fnet/publico/exibirDocumento?id=699827&cvm=true
0,GCRA,https://fnet.bmfbovespa.com.br/fnet/publico/exibirDocumento?id=680429&cvm=true
0,GCRA,https://fnet.bmfbovespa.com.br/fnet/publico/exibirDocumento?id=662526&cvm=true
0,GCRA,https://fnet.bmfbovespa.com.br/fnet/publico/exibirDocumento?id=639624&cvm=true
0,GCRA,https://fnet.bmfbovespa.com.br/fnet/publico/exibirDocumento?id=621122&cvm=true
0,GCRA,https://fnet.bmfbovespa.com.br/fnet/publico/exibirDocumento?id=605063&cvm=true
0,GCRA,https://fnet.bmfbovespa.com.br/fnet/publico/exibirDocumento?id=585748&cvm=true
0,GCRA,https://fnet.bmfbovespa.com.br/fnet/publico/exibirDocumento?id=570838&cvm=true
0,GCRA,https://fnet.bmfbovespa.com.br/fnet/publico/exibirDocumento?id=555598&cvm=true
0,GCRA,https://fnet.bmfbovespa.com.br/fnet/publico/exibirDocumento?id=536725&cvm=true
0,GCRA,https://fnet.bmfbovespa.com.br/fnet/publico/exibirDocumento?id=521148&cvm=true
0,GCRA,https://fnet.bmfbovespa.com.br/fnet/publico/exibirDocumento?id=508699&cvm=true
0,GCRA,https://fnet.bmfbovespa.com.br/fnet/publico/exibirDocumento?id=491390&cvm=true
0,GCRA,https://fnet.bmfbovespa.com.br/fnet/publico/exibirDocumento?id=478701&cvm=true
0,GCRA,https://fnet.bmfbovespa.com.br/fnet/publico/exibirDocumento?id=464061&cvm=true
0,GCRA,https://fnet.bmfbovespa.com.br/fnet/publico/exibirDocumento?id=446744&cvm=true
0,GCRA,https://fnet.bmfbovespa.com.br/fnet/publico/exibirDocumento?id=430429&cvm=true
0,GCRA,https://fnet.bmfbovespa.com.br/fnet/publico/exibirDocumento?id=418376&cvm=true
0,GCRA,https://fnet.bmfbovespa.com.br/fnet/publico/exibirDocumento?id=401005&cvm=true
0,GCRA,https://fnet.bmfbovespa.com.br/fnet/publico/exibirDocumento?id=390144&cvm=true
0,GCRA,https://fnet.bmfbovespa.com.br/fnet/publico/exibirDocumento?id=377864&cvm=true
0,GCRA,https://fnet.bmfbovespa.com.br/fnet/publico/exibirDocumento?id=364818&cvm=true
0,GCRA,https://fnet.bmfbovespa.com.br/fnet/publico/exibirDocumento?id=352471&cvm=true
0,GCRA,https://fnet.bmfbovespa.com.br/fnet/publico/exibirDocumento?id=339867&cvm=true
0,GCRA,https://fnet.bmfbovespa.com.br/fnet/publico/exibirDocumento?id=327560&cvm=true
0,GCRA,https://fnet.bmfbovespa.com.br/fnet/publico/exibirDocumento?id=314972&cvm=true
0,GCRA,https://fnet.bmfbovespa.com.br/fnet/publico/exibirDocumento?id=302158&cvm=true
0,GCRA,https://fnet.bmfbovespa.com.br/fnet/publico/exibirDocumento?id=288357&cvm=true
0,GCRA,https://fnet.bmfbovespa.com.br/fnet/publico/exibirDocumento?id=287756&cvm=true
0,GCRA,https://fnet.bmfbovespa.com.br/fnet/publico/exibirDocumento?id=277272&cvm=true
0,GCRA,https://fnet.bmfbovespa.com.br/fnet/publico/exibirDocumento?id=267229&cvm=true
0,GCRA,https://fnet.bmfbovespa.com.br/fnet/publico/exibirDocumento?id=255471&cvm=true
0,GRWA,https://fnet.bmfbovespa.com.br/fnet/publico/exibirDocumento?id=758413&cvm=true
0,GRWA,https://fnet.bmfbovespa.com.br/fnet/publico/exibirDocumento?id=740002&cvm=true
0,GRWA,https://fnet.bmfbovespa.com.br/fnet/publico/exibirDocumento?id=718302&cvm=true
0,GRWA,https://fnet.bmfbovespa.com.br/fnet/publico/exibirDocumento?id=700104&cvm=true
0,GRWA,https://fnet.bmfbovespa.com.br/fnet/publico/exibirDocumento?id=680218&cvm=true
0,GRWA,https://fnet.bmfbovespa.com.br/fnet/publico/exibirDocumento?id=659775&cvm=true
0,GRWA,https://fnet.bmfbovespa.com.br/fnet/publico/exibirDocumento?id=641125&cvm=true
0,GRWA,https://fnet.bmfbovespa.com.br/fnet/publico/exibirDocumento?id=617924&cvm=true
0,GRWA,https://fnet.bmfbovespa.com.br/fnet/publico/exibirDocumento?id=600895&cvm=true
0,GRWA,https://fnet.bmfbovespa.com.br/fnet/publico/exibirDocumento?id=585681&cvm=true
0,GRWA,https://fnet.bmfbovespa.com.br/fnet/publico/exibirDocumento?id=567268&cvm=true
0,GRWA,https://fnet.bmfbovespa.com.br/fnet/publico/exibirDocumento?id=551886&cvm=true
0,GRWA,https://fnet.bmfbovespa.com.br/fnet/publico/exibirDocumento?id=536557&cvm=true
0,GRWA,https://fnet.bmfbovespa.com.br/fnet/publico/exibirDocumento?id=521846&cvm=true
0,GRWA,https://fnet.bmfbovespa.com.br/fnet/publico/exibirDocumento?id=507648&cvm=true
0,GRWA,https://fnet.bmfbovespa.com.br/fnet/publico/exibirDocumento?id=491198&cvm=true
0,GRWA,https://fnet.bmfbovespa.com.br/fnet/publico/exibirDocumento?id=476585&cvm=true
0,GRWA,https://fnet.bmfbovespa.com.br/fnet/publico/exibirDocumento?id=461037&cvm=true
0,GRWA,https://fnet.bmfbovespa.com.br/fnet/publico/exibirDocumento?id=446167&cvm=true
0,HGAG,https://fnet.bmfbovespa.com.br/fnet/publico/exibirDocumento?id=760121&cvm=true
0,HGAG,https://fnet.bmfbovespa.com.br/fnet/publico/exibirDocumento?id=738925&cvm=true
0,HGAG,https://fnet.bmfbovespa.com.br/fnet/publico/exibirDocumento?id=716513&cvm=true
0,HGAG,https://fnet.bmfbovespa.com.br/fnet/publico/exibirDocumento?id=700194&cvm=true
0,HGAG,https://fnet.bmfbovespa.com.br/fnet/publico/exibirDocumento?id=676717&cvm=true
0,HGAG,https://fnet.bmfbovespa.com.br/fnet/publico/exibirDocumento?id=662888&cvm=true
0,HGAG,https://fnet.bmfbovespa.com.br/fnet/publico/exibirDocumento?id=641993&cvm=true
0,HGAG,https://fnet.bmfbovespa.com.br/fnet/publico/exibirDocumento?id=622000&cvm=true
0,HGAG,https://fnet.bmfbovespa.com.br/fnet/publico/exibirDocumento?id=621892&cvm=true
0,HGAG,https://fnet.bmfbovespa.com.br/fnet/publico/exibirDocumento?id=604722&cvm=true
0,HGAG,https://fnet.bmfbovespa.com.br/fnet/publico/exibirDocumento?id=585405&cvm=true
0,HGAG,https://fnet.bmfbovespa.com.br/fnet/publico/exibirDocumento?id=571117&cvm=true
0,HGAG,https://fnet.bmfbovespa.com.br/fnet/publico/exibirDocumento?id=556045&cvm=true
0,HGAG,https://fnet.bmfbovespa.com.br/fnet/publico/exibirDocumento?id=537170&cvm=true
0,HGAG,https://fnet.bmfbovespa.com.br/fnet/publico/exibirDocumento?id=521303&cvm=true
0,HGAG,https://fnet.bmfbovespa.com.br/fnet/publico/exibirDocumento?id=506610&cvm=true
0,HGAG,https://fnet.bmfbovespa.com.br/fnet/publico/exibirDocumento?id=491460&cvm=true
0,HGAG,https://fnet.bmfbovespa.com.br/fnet/publico/exibirDocumento?id=491860&cvm=true
0,HGAG,https://fnet.bmfbovespa.com.br/fnet/publico/exibirDocumento?id=491462&cvm=true
0,HGAG,https://fnet.bmfbovespa.com.br/fnet/publico/exibirDocumento?id=491458&cvm=true
0,HGAG,https://fnet.bmfbovespa.com.br/fnet/publico/exibirDocumento?id=479169&cvm=true
0,HGAG,https://fnet.bmfbovespa.com.br/fnet/publico/exibirDocumento?id=464529&cvm=true
0,HGAG,https://fnet.bmfbovespa.com.br/fnet/publico/exibirDocumento?id=446561&cvm=true
0,HGAG,https://fnet.bmfbovespa.com.br/fnet/publico/exibirDocumento?id=429546&cvm=true
0,HGAG,https://fnet.bmfbovespa.com.br/fnet/publico/exibirDocumento?id=418145&cvm=true
0,HGAG,https://fnet.bmfbovespa.com.br/fnet/publico/exibirDocumento?id=401398&cvm=true
0,HGAG,https://fnet.bmfbovespa.com.br/fnet/publico/exibirDocumento?id=389188&cvm=true
0,HGAG,https://fnet.bmfbovespa.com.br/fnet/publico/exibirDocumento?id=378058&cvm=true
0,HGAG,https://fnet.bmfbovespa.com.br/fnet/publico/exibirDocumento?id=364821&cvm=true
0,HGAG,https://fnet.bmfbovespa.com.br/fnet/publico/exibirDocumento?id=351505&cvm=true
0,HGAG,https://fnet.bmfbovespa.com.br/fnet/publico/exibirDocumento?id=336880&cvm=true
0,HGAG,https://fnet.bmfbovespa.com.br/fnet/publico/exibirDocumento?id=326448&cvm=true
0,IAAG,https://fnet.bmfbovespa.com.br/fnet/publico/exibirDocumento?id=755670&cvm=true
0,IAAG,https://fnet.bmfbovespa.com.br/fnet/publico/exibirDocumento?id=739313&cvm=true
0,IAAG,https://fnet.bmfbovespa.com.br/fnet/publico/exibirDocumento?id=737037&cvm=true
0,IAAG,https://fnet.bmfbovespa.com.br/fnet/publico/exibirDocumento?id=719525&cvm=true
0,IAAG,https://fnet.bmfbovespa.com.br/fnet/publico/exibirDocumento?id=695991&cvm=true
0,IAAG,https://fnet.bmfbovespa.com.br/fnet/publico/exibirDocumento?id=678961&cvm=true
0,IAAG,https://fnet.bmfbovespa.com.br/fnet/publico/exibirDocumento?id=653140&cvm=true
0,IAAG,https://fnet.bmfbovespa.com.br/fnet/publico/exibirDocumento?id=640182&cvm=true
0,IAAG,https://fnet.bmfbovespa.com.br/fnet/publico/exibirDocumento?id=619661&cvm=true
0,IAAG,https://fnet.bmfbovespa.com.br/fnet/publico/exibirDocumento?id=600448&cvm=true
0,IAAG,https://fnet.bmfbovespa.com.br/fnet/publico/exibirDocumento?id=580506&cvm=true
0,IAAG,https://fnet.bmfbovespa.com.br/fnet/publico/exibirDocumento?id=564346&cvm=true
0,IAAG,https://fnet.bmfbovespa.com.br/fnet/publico/exibirDocumento?id=549997&cvm=true
0,IAAG,https://fnet.bmfbovespa.com.br/fnet/publico/exibirDocumento?id=531788&cvm=true
0,IAAG,https://fnet.bmfbovespa.com.br/fnet/publico/exibirDocumento?id=519918&cvm=true
0,IAAG,https://fnet.bmfbovespa.com.br/fnet/publico/exibirDocumento?id=503155&cvm=true
0,IAAG,https://fnet.bmfbovespa.com.br/fnet/publico/exibirDocumento?id=490978&cvm=true
0,IAGR,https://fnet.bmfbovespa.com.br/fnet/publico/exibirDocumento?id=758411&cvm=true
0,IAGR,https://fnet.bmfbovespa.com.br/fnet/publico/exibirDocumento?id=739998&cvm=true
0,IAGR,https://fnet.bmfbovespa.com.br/fnet/publico/exibirDocumento?id=718280&cvm=true
0,IAGR,https://fnet.bmfbovespa.com.br/fnet/publico/exibirDocumento?id=699839&cvm=true
0,IAGR,https://fnet.bmfbovespa.com.br/fnet/publico/exibirDocumento?id=678164&cvm=true
0,IAGR,https://fnet.bmfbovespa.com.br/fnet/publico/exibirDocumento?id=656926&cvm=true
0,IAGR,https://fnet.bmfbovespa.com.br/fnet/publico/exibirDocumento?id=640972&cvm=true
0,IAGR,https://fnet.bmfbovespa.com.br/fnet/publico/exibirDocumento?id=617922&cvm=true
0,IAGR,https://fnet.bmfbovespa.com.br/fnet/publico/exibirDocumento?id=600856&cvm=true
0,IAGR,https://fnet.bmfbovespa.com.br/fnet/publico/exibirDocumento?id=580751&cvm=true
0,IAGR,https://fnet.bmfbovespa.com.br/fnet/publico/exibirDocumento?id=567264&cvm=true
0,IAGR,https://fnet.bmfbovespa.com.br/fnet/publico/exibirDocumento?id=551803&cvm=true
0,IAGR,https://fnet.bmfbovespa.com.br/fnet/publico/exibirDocumento?id=536526&cvm=true
0,IAGR,https://fnet.bmfbovespa.com.br/fnet/publico/exibirDocumento?id=521884&cvm=true
0,IAGR,https://fnet.bmfbovespa.com.br/fnet/publico/exibirDocumento?id=507716&cvm=true
0,IAGR,https://fnet.bmfbovespa.com.br/fnet/publico/exibirDocumento?id=491674&cvm=true
0,IAGR,https://fnet.bmfbovespa.com.br/fnet/publico/exibirDocumento?id=480083&cvm=true
0,JGPX,https://fnet.bmfbovespa.com.br/fnet/publico/exibirDocumento?id=758189&cvm=true
0,JGPX,https://fnet.bmfbovespa.com.br/fnet/publico/exibirDocumento?id=739938&cvm=true
0,JGPX,https://fnet.bmfbovespa.com.br/fnet/publico/exibirDocumento?id=718275&cvm=true
0,JGPX,https://fnet.bmfbovespa.com.br/fnet/publico/exibirDocumento?id=700058&cvm=true
0,JGPX,https://fnet.bmfbovespa.com.br/fnet/publico/exibirDocumento?id=678124&cvm=true
0,JGPX,https://fnet.bmfbovespa.com.br/fnet/publico/exibirDocumento?id=678117&cvm=true
0,JGPX,https://fnet.bmfbovespa.com.br/fnet/publico/exibirDocumento?id=656900&cvm=true
0,JGPX,https://fnet.bmfbovespa.com.br/fnet/publico/exibirDocumento?id=640958&cvm=true
0,JGPX,https://fnet.bmfbovespa.com.br/fnet/publico/exibirDocumento?id=619681&cvm=true
0,JGPX,https://fnet.bmfbovespa.com.br/fnet/publico/exibirDocumento?id=602561&cvm=true
0,JGPX,https://fnet.bmfbovespa.com.br/fnet/publico/exibirDocumento?id=580748&cvm=true
0,JGPX,https://fnet.bmfbovespa.com.br/fnet/publico/exibirDocumento?id=567263&cvm=true
0,JGPX,https://fnet.bmfbovespa.com.br/fnet/publico/exibirDocumento?id=551554&cvm=true
0,JGPX,https://fnet.bmfbovespa.com.br/fnet/publico/exibirDocumento?id=536650&cvm=true
0,JGPX,https://fnet.bmfbovespa.com.br/fnet/publico/exibirDocumento?id=521801&cvm=true
0,JGPX,https://fnet.bmfbovespa.com.br/fnet/publico/exibirDocumento?id=507760&cvm=true
0,JGPX,https://fnet.bmfbovespa.com.br/fnet/publico/exibirDocumento?id=491172&cvm=true
0,JGPX,https://fnet.bmfbovespa.com.br/fnet/publico/exibirDocumento?id=476572&cvm=true
0,JGPX,https://fnet.bmfbovespa.com.br/fnet/publico/exibirDocumento?id=461029&cvm=true
0,JGPX,https://fnet.bmfbovespa.com.br/fnet/publico/exibirDocumento?id=445493&cvm=true
0,JGPX,https://fnet.bmfbovespa.com.br/fnet/publico/exibirDocumento?id=428926&cvm=true
0,JGPX,https://fnet.bmfbovespa.com.br/fnet/publico/exibirDocumento?id=418964&cvm=true
0,JGPX,https://fnet.bmfbovespa.com.br/fnet/publico/exibirDocumento?id=401524&cvm=true
0,JGPX,https://fnet.bmfbovespa.com.br/fnet/publico/exibirDocumento?id=389836&cvm=true
0,JGPX,https://fnet.bmfbovespa.com.br/fnet/publico/exibirDocumento?id=378026&cvm=true
0,JGPX,https://fnet.bmfbovespa.com.br/fnet/publico/exibirDocumento?id=364112&cvm=true
0,JGPX,https://fnet.bmfbovespa.com.br/fnet/publico/exibirDocumento?id=359550&cvm=true
0,JGPX,https://fnet.bmfbovespa.com.br/fnet/publico/exibirDocumento?id=351171&cvm=true
0,JGPX,https://fnet.bmfbovespa.com.br/fnet/publico/exibirDocumento?id=336318&cvm=true
0,JGPX,https://fnet.bmfbovespa.com.br/fnet/publico/exibirDocumento?id=325407&cvm=true
0,JGPX,https://fnet.bmfbovespa.com.br/fnet/publico/exibirDocumento?id=314988&cvm=true
0,JGPX,https://fnet.bmfbovespa.com.br/fnet/publico/exibirDocumento?id=312711&cvm=true
0,JGPX,https://fnet.bmfbovespa.com.br/fnet/publico/exibirDocumento?id=302636&cvm=true
0,JGPX,https://fnet.bmfbovespa.com.br/fnet/publico/exibirDocumento?id=286004&cvm=true
0,JGPX,https://fnet.bmfbovespa.com.br/fnet/publico/exibirDocumento?id=273627&cvm=true
0,JGPX,https://fnet.bmfbovespa.com.br/fnet/publico/exibirDocumento?id=270930&cvm=true
0,JGPX,https://fnet.bmfbovespa.com.br/fnet/publico/exibirDocumento?id=262231&cvm=true
0,JGPX,https://fnet.bmfbovespa.com.br/fnet/publico/exibirDocumento?id=262220&cvm=true
0,KNCA,https://fnet.bmfbovespa.com.br/fnet/publico/exibirDocumento?id=757263&cvm=true
0,KNCA,https://fnet.bmfbovespa.com.br/fnet/publico/exibirDocumento?id=737794&cvm=true
0,KNCA,https://fnet.bmfbovespa.com.br/fnet/publico/exibirDocumento?id=718780&cvm=true
0,KNCA,https://fnet.bmfbovespa.com.br/fnet/publico/exibirDocumento?id=697164&cvm=true
0,KNCA,https://fnet.bmfbovespa.com.br/fnet/publico/exibirDocumento?id=678318&cvm=true
0,KNCA,https://fnet.bmfbovespa.com.br/fnet/publico/exibirDocumento?id=662623&cvm=true
0,KNCA,https://fnet.bmfbovespa.com.br/fnet/publico/exibirDocumento?id=637927&cvm=true
0,KNCA,https://fnet.bmfbovespa.com.br/fnet/publico/exibirDocumento?id=619721&cvm=true
0,KNCA,https://fnet.bmfbovespa.com.br/fnet/publico/exibirDocumento?id=601471&cvm=true
0,KNCA,https://fnet.bmfbovespa.com.br/fnet/publico/exibirDocumento?id=583328&cvm=true
0,KNCA,https://fnet.bmfbovespa.com.br/fnet/publico/exibirDocumento?id=568940&cvm=true
0,KNCA,https://fnet.bmfbovespa.com.br/fnet/publico/exibirDocumento?id=552033&cvm=true
0,KNCA,https://fnet.bmfbovespa.com.br/fnet/publico/exibirDocumento?id=536073&cvm=true
0,KNCA,https://fnet.bmfbovespa.com.br/fnet/publico/exibirDocumento?id=521004&cvm=true
0,KNCA,https://fnet.bmfbovespa.com.br/fnet/publico/exibirDocumento?id=506320&cvm=true
0,KNCA,https://fnet.bmfbovespa.com.br/fnet/publico/exibirDocumento?id=491213&cvm=true
0,KNCA,https://fnet.bmfbovespa.com.br/fnet/publico/exibirDocumento?id=476939&cvm=true
0,KNCA,https://fnet.bmfbovespa.com.br/fnet/publico/exibirDocumento?id=463007&cvm=true
0,KNCA,https://fnet.bmfbovespa.com.br/fnet/publico/exibirDocumento?id=445548&cvm=true
0,KNCA,https://fnet.bmfbovespa.com.br/fnet/publico/exibirDocumento?id=430034&cvm=true
0,KNCA,https://fnet.bmfbovespa.com.br/fnet/publico/exibirDocumento?id=416699&cvm=true
0,KNCA,https://fnet.bmfbovespa.com.br/fnet/publico/exibirDocumento?id=401340&cvm=true
0,KNCA,https://fnet.bmfbovespa.com.br/fnet/publico/exibirDocumento?id=389487&cvm=true
0,KNCA,https://fnet.bmfbovespa.com.br/fnet/publico/exibirDocumento?id=375728&cvm=true
0,KNCA,https://fnet.bmfbovespa.com.br/fnet/publico/exibirDocumento?id=363415&cvm=true
0,KNCA,https://fnet.bmfbovespa.com.br/fnet/publico/exibirDocumento?id=351377&cvm=true
0,KNCA,https://fnet.bmfbovespa.com.br/fnet/publico/exibirDocumento?id=337805&cvm=true
0,KNCA,https://fnet.bmfbovespa.com.br/fnet/publico/exibirDocumento?id=324978&cvm=true
0,KNCA,https://fnet.bmfbovespa.com.br/fnet/publico/exibirDocumento?id=314537&cvm=true
0,KNCA,https://fnet.bmfbovespa.com.br/fnet/publico/exibirDocumento?id=300301&cvm=true
0,KNCA,https://fnet.bmfbovespa.com.br/fnet/publico/exibirDocumento?id=289893&cvm=true
0,KNCA,https://fnet.bmfbovespa.com.br/fnet/publico/exibirDocumento?id=277571&cvm=true
0,KNCA,https://fnet.bmfbovespa.com.br/fnet/publico/exibirDocumento?id=266733&cvm=true
0,KNCA,https://fnet.bmfbovespa.com.br/fnet/publico/exibirDocumento?id=256703&cvm=true
0,KOPA,https://fnet.bmfbovespa.com.br/fnet/publico/exibirDocumento?id=757268&cvm=true
0,KOPA,https://fnet.bmfbovespa.com.br/fnet/publico/exibirDocumento?id=737800&cvm=true
0,KOPA,https://fnet.bmfbovespa.com.br/fnet/publico/exibirDocumento?id=718785&cvm=true
0,KOPA,https://fnet.bmfbovespa.com.br/fnet/publico/exibirDocumento?id=697169&cvm=true
0,KOPA,https://fnet.bmfbovespa.com.br/fnet/publico/exibirDocumento?id=678323&cvm=true
0,LSAG,https://fnet.bmfbovespa.com.br/fnet/publico/exibirDocumento?id=756197&cvm=true
0,LSAG,https://fnet.bmfbovespa.com.br/fnet/publico/exibirDocumento?id=737161&cvm=true
0,LSAG,https://fnet.bmfbovespa.com.br/fnet/publico/exibirDocumento?id=717413&cvm=true
0,LSAG,https://fnet.bmfbovespa.com.br/fnet/publico/exibirDocumento?id=698557&cvm=true
0,LSAG,https://fnet.bmfbovespa.com.br/fnet/publico/exibirDocumento?id=680057&cvm=true
0,LSAG,https://fnet.bmfbovespa.com.br/fnet/publico/exibirDocumento?id=659868&cvm=true
0,LSAG,https://fnet.bmfbovespa.com.br/fnet/publico/exibirDocumento?id=638948&cvm=true
0,LSAG,https://fnet.bmfbovespa.com.br/fnet/publico/exibirDocumento?id=619417&cvm=true
0,LSAG,https://fnet.bmfbovespa.com.br/fnet/publico/exibirDocumento?id=604855&cvm=true
0,LSAG,https://fnet.bmfbovespa.com.br/fnet/publico/exibirDocumento?id=583958&cvm=true
0,LSAG,https://fnet.bmfbovespa.com.br/fnet/publico/exibirDocumento?id=570423&cvm=true
0,LSAG,https://fnet.bmfbovespa.com.br/fnet/publico/exibirDocumento?id=550834&cvm=true
0,LSAG,https://fnet.bmfbovespa.com.br/fnet/publico/exibirDocumento?id=536996&cvm=true
0,LSAG,https://fnet.bmfbovespa.com.br/fnet/publico/exibirDocumento?id=522534&cvm=true
0,LSAG,https://fnet.bmfbovespa.com.br/fnet/publico/exibirDocumento?id=510211&cvm=true
0,LSAG,https://fnet.bmfbovespa.com.br/fnet/publico/exibirDocumento?id=508968&cvm=true
0,LSAG,https://fnet.bmfbovespa.com.br/fnet/publico/exibirDocumento?id=492435&cvm=true
0,LSAG,https://fnet.bmfbovespa.com.br/fnet/publico/exibirDocumento?id=479072&cvm=true
0,LSAG,https://fnet.bmfbovespa.com.br/fnet/publico/exibirDocumento?id=464346&cvm=true
0,LSAG,https://fnet.bmfbovespa.com.br/fnet/publico/exibirDocumento?id=445904&cvm=true
0,LSAG,https://fnet.bmfbovespa.com.br/fnet/publico/exibirDocumento?id=430764&cvm=true
0,LSAG,https://fnet.bmfbovespa.com.br/fnet/publico/exibirDocumento?id=418856&cvm=true
0,LSAG,https://fnet.bmfbovespa.com.br/fnet/publico/exibirDocumento?id=401617&cvm=true
0,LSAG,https://fnet.bmfbovespa.com.br/fnet/publico/exibirDocumento?id=390697&cvm=true
0,LSAG,https://fnet.bmfbovespa.com.br/fnet/publico/exibirDocumento?id=376022&cvm=true
0,LSAG,https://fnet.bmfbovespa.com.br/fnet/publico/exibirDocumento?id=365312&cvm=true
0,LSAG,https://fnet.bmfbovespa.com.br/fnet/publico/exibirDocumento?id=353041&cvm=true
0,LSAG,https://fnet.bmfbovespa.com.br/fnet/publico/exibirDocumento?id=338761&cvm=true
0,LSAG,https://fnet.bmfbovespa.com.br/fnet/publico/exibirDocumento?id=325623&cvm=true
0,LSAG,https://fnet.bmfbovespa.com.br/fnet/publico/exibirDocumento?id=316454&cvm=true
0,LSAG,https://fnet.bmfbovespa.com.br/fnet/publico/exibirDocumento?id=302360&cvm=true
0,LSAG,https://fnet.bmfbovespa.com.br/fnet/publico/exibirDocumento?id=290270&cvm=true
0,LSAG,https://fnet.bmfbovespa.com.br/fnet/publico/exibirDocumento?id=276283&cvm=true
0,LSAG,https://fnet.bmfbovespa.com.br/fnet/publico/exibirDocumento?id=268550&cvm=true
0,LSAG,https://fnet.bmfbovespa.com.br/fnet/publico/exibirDocumento?id=268462&cvm=true
0,LSAG,https://fnet.bmfbovespa.com.br/fnet/publico/exibirDocumento?id=255745&cvm=true
0,NCRA,https://fnet.bmfbovespa.com.br/fnet/publico/exibirDocumento?id=758758&cvm=true
0,NCRA,https://fnet.bmfbovespa.com.br/fnet/publico/exibirDocumento?id=740175&cvm=true
0,NCRA,https://fnet.bmfbovespa.com.br/fnet/publico/exibirDocumento?id=721400&cvm=true
0,NCRA,https://fnet.bmfbovespa.com.br/fnet/publico/exibirDocumento?id=699283&cvm=true
0,NCRA,https://fnet.bmfbovespa.com.br/fnet/publico/exibirDocumento?id=682478&cvm=true
0,NCRA,https://fnet.bmfbovespa.com.br/fnet/publico/exibirDocumento?id=663801&cvm=true
0,NCRA,https://fnet.bmfbovespa.com.br/fnet/publico/exibirDocumento?id=640650&cvm=true
0,NCRA,https://fnet.bmfbovespa.com.br/fnet/publico/exibirDocumento?id=621471&cvm=true
0,NCRA,https://fnet.bmfbovespa.com.br/fnet/publico/exibirDocumento?id=607557&cvm=true
0,NCRA,https://fnet.bmfbovespa.com.br/fnet/publico/exibirDocumento?id=605690&cvm=true
0,NCRA,https://fnet.bmfbovespa.com.br/fnet/publico/exibirDocumento?id=585252&cvm=true
0,NCRA,https://fnet.bmfbovespa.com.br/fnet/publico/exibirDocumento?id=571369&cvm=true
0,NCRA,https://fnet.bmfbovespa.com.br/fnet/publico/exibirDocumento?id=555854&cvm=true
0,NCRA,https://fnet.bmfbovespa.com.br/fnet/publico/exibirDocumento?id=551359&cvm=true
0,NCRA,https://fnet.bmfbovespa.com.br/fnet/publico/exibirDocumento?id=538973&cvm=true
0,NCRA,https://fnet.bmfbovespa.com.br/fnet/publico/exibirDocumento?id=537511&cvm=true
0,NCRA,https://fnet.bmfbovespa.com.br/fnet/publico/exibirDocumento?id=522530&cvm=true
0,NCRA,https://fnet.bmfbovespa.com.br/fnet/publico/exibirDocumento?id=509577&cvm=true
0,NCRA,https://fnet.bmfbovespa.com.br/fnet/publico/exibirDocumento?id=496339&cvm=true
0,NCRA,https://fnet.bmfbovespa.com.br/fnet/publico/exibirDocumento?id=494879&cvm=true
0,NCRA,https://fnet.bmfbovespa.com.br/fnet/publico/exibirDocumento?id=493087&cvm=true
0,NCRA,https://fnet.bmfbovespa.com.br/fnet/publico/exibirDocumento?id=479620&cvm=true
0,NCRA,https://fnet.bmfbovespa.com.br/fnet/publico/exibirDocumento?id=473341&cvm=true
0,NCRA,https://fnet.bmfbovespa.com.br/fnet/publico/exibirDocumento?id=473337&cvm=true
0,NCRA,https://fnet.bmfbovespa.com.br/fnet/publico/exibirDocumento?id=473340&cvm=true
0,NCRA,https://fnet.bmfbovespa.com.br/fnet/publico/exibirDocumento?id=473339&cvm=true
0,NCRA,https://fnet.bmfbovespa.com.br/fnet/publico/exibirDocumento?id=464738&cvm=true
0,NCRA,https://fnet.bmfbovespa.com.br/fnet/publico/exibirDocumento?id=448163&cvm=true
0,NCRA,https://fnet.bmfbovespa.com.br/fnet/publico/exibirDocumento?id=447324&cvm=true
0,NCRA,https://fnet.bmfbovespa.com.br/fnet/publico/exibirDocumento?id=430837&cvm=true
0,NCRA,https://fnet.bmfbovespa.com.br/fnet/publico/exibirDocumento?id=418801&cvm=true
0,NCRA,https://fnet.bmfbovespa.com.br/fnet/publico/exibirDocumento?id=405307&cvm=true
0,NCRA,https://fnet.bmfbovespa.com.br/fnet/publico/exibirDocumento?id=404152&cvm=true
0,NCRA,https://fnet.bmfbovespa.com.br/fnet/publico/exibirDocumento?id=402785&cvm=true
0,NCRA,https://fnet.bmfbovespa.com.br/fnet/publico/exibirDocumento?id=390616&cvm=true
0,NCRA,https://fnet.bmfbovespa.com.br/fnet/publico/exibirDocumento?id=379835&cvm=true
0,NCRA,https://fnet.bmfbovespa.com.br/fnet/publico/exibirDocumento?id=365860&cvm=true
0,NCRA,https://fnet.bmfbovespa.com.br/fnet/publico/exibirDocumento?id=352862&cvm=true
0,NCRA,https://fnet.bmfbovespa.com.br/fnet/publico/exibirDocumento?id=340530&cvm=true
0,NCRA,https://fnet.bmfbovespa.com.br/fnet/publico/exibirDocumento?id=327962&cvm=true
0,NCRA,https://fnet.bmfbovespa.com.br/fnet/publico/exibirDocumento?id=318173&cvm=true
0,NCRA,https://fnet.bmfbovespa.com.br/fnet/publico/exibirDocumento?id=315501&cvm=true
0,NCRA,https://fnet.bmfbovespa.com.br/fnet/publico/exibirDocumento?id=305980&cvm=true
0,NCRA,https://fnet.bmfbovespa.com.br/fnet/publico/exibirDocumento?id=291310&cvm=true
0,NCRA,https://fnet.bmfbovespa.com.br/fnet/publico/exibirDocumento?id=278422&cvm=true
0,NCRA,https://fnet.bmfbovespa.com.br/fnet/publico/exibirDocumento?id=269403&cvm=true
0,OIAG,https://fnet.bmfbovespa.com.br/fnet/publico/exibirDocumento?id=759797&cvm=true
0,OIAG,https://fnet.bmfbovespa.com.br/fnet/publico/exibirDocumento?id=738767&cvm=true
0,OIAG,https://fnet.bmfbovespa.com.br/fnet/publico/exibirDocumento?id=720741&cvm=true
0,OIAG,https://fnet.bmfbovespa.com.br/fnet/publico/exibirDocumento?id=699794&cvm=true
0,OIAG,https://fnet.bmfbovespa.com.br/fnet/publico/exibirDocumento?id=680450&cvm=true
0,OIAG,https://fnet.bmfbovespa.com.br/fnet/publico/exibirDocumento?id=662810&cvm=true
0,OIAG,https://fnet.bmfbovespa.com.br/fnet/publico/exibirDocumento?id=640512&cvm=true
0,OIAG,https://fnet.bmfbovespa.com.br/fnet/publico/exibirDocumento?id=621145&cvm=true
0,OIAG,https://fnet.bmfbovespa.com.br/fnet/publico/exibirDocumento?id=604298&cvm=true
0,OIAG,https://fnet.bmfbovespa.com.br/fnet/publico/exibirDocumento?id=585922&cvm=true
0,OIAG,https://fnet.bmfbovespa.com.br/fnet/publico/exibirDocumento?id=570029&cvm=true
0,OIAG,https://fnet.bmfbovespa.com.br/fnet/publico/exibirDocumento?id=555582&cvm=true
0,OIAG,https://fnet.bmfbovespa.com.br/fnet/publico/exibirDocumento?id=536888&cvm=true
0,OIAG,https://fnet.bmfbovespa.com.br/fnet/publico/exibirDocumento?id=521162&cvm=true
0,OIAG,https://fnet.bmfbovespa.com.br/fnet/publico/exibirDocumento?id=508646&cvm=true
0,OIAG,https://fnet.bmfbovespa.com.br/fnet/publico/exibirDocumento?id=494753&cvm=true
0,OIAG,https://fnet.bmfbovespa.com.br/fnet/publico/exibirDocumento?id=489327&cvm=true
0,OIAG,https://fnet.bmfbovespa.com.br/fnet/publico/exibirDocumento?id=478699&cvm=true
0,OIAG,https://fnet.bmfbovespa.com.br/fnet/publico/exibirDocumento?id=464615&cvm=true
0,OIAG,https://fnet.bmfbovespa.com.br/fnet/publico/exibirDocumento?id=446838&cvm=true
0,OIAG,https://fnet.bmfbovespa.com.br/fnet/publico/exibirDocumento?id=430621&cvm=true
0,OIAG,https://fnet.bmfbovespa.com.br/fnet/publico/exibirDocumento?id=418401&cvm=true
0,OIAG,https://fnet.bmfbovespa.com.br/fnet/publico/exibirDocumento?id=402494&cvm=true
0,OIAG,https://fnet.bmfbovespa.com.br/fnet/publico/exibirDocumento?id=401374&cvm=true
0,OIAG,https://fnet.bmfbovespa.com.br/fnet/publico/exibirDocumento?id=401471&cvm=true
0,OIAG,https://fnet.bmfbovespa.com.br/fnet/publico/exibirDocumento?id=390173&cvm=true
0,OIAG,https://fnet.bmfbovespa.com.br/fnet/publico/exibirDocumento?id=377919&cvm=true
0,OIAG,https://fnet.bmfbovespa.com.br/fnet/publico/exibirDocumento?id=364865&cvm=true
0,OIAG,https://fnet.bmfbovespa.com.br/fnet/publico/exibirDocumento?id=352458&cvm=true
0,OIAG,https://fnet.bmfbovespa.com.br/fnet/publico/exibirDocumento?id=339877&cvm=true
0,OIAG,https://fnet.bmfbovespa.com.br/fnet/publico/exibirDocumento?id=339154&cvm=true
0,OIAG,https://fnet.bmfbovespa.com.br/fnet/publico/exibirDocumento?id=327366&cvm=true
0,OIAG,https://fnet.bmfbovespa.com.br/fnet/publico/exibirDocumento?id=316118&cvm=true
0,PLCA,https://fnet.bmfbovespa.com.br/fnet/publico/exibirDocumento?id=758247&cvm=true
0,PLCA,https://fnet.bmfbovespa.com.br/fnet/publico/exibirDocumento?id=740362&cvm=true
0,PLCA,https://fnet.bmfbovespa.com.br/fnet/publico/exibirDocumento?id=740077&cvm=true
0,PLCA,https://fnet.bmfbovespa.com.br/fnet/publico/exibirDocumento?id=740056&cvm=true
0,PLCA,https://fnet.bmfbovespa.com.br/fnet/publico/exibirDocumento?id=738954&cvm=true
0,PLCA,https://fnet.bmfbovespa.com.br/fnet/publico/exibirDocumento?id=721092&cvm=true
0,PLCA,https://fnet.bmfbovespa.com.br/fnet/publico/exibirDocumento?id=698692&cvm=true
0,PLCA,https://fnet.bmfbovespa.com.br/fnet/publico/exibirDocumento?id=680050&cvm=true
0,PLCA,https://fnet.bmfbovespa.com.br/fnet/publico/exibirDocumento?id=660808&cvm=true
0,PLCA,https://fnet.bmfbovespa.com.br/fnet/publico/exibirDocumento?id=640423&cvm=true
0,PLCA,https://fnet.bmfbovespa.com.br/fnet/publico/exibirDocumento?id=621684&cvm=true
0,PLCA,https://fnet.bmfbovespa.com.br/fnet/publico/exibirDocumento?id=605621&cvm=true
0,PLCA,https://fnet.bmfbovespa.com.br/fnet/publico/exibirDocumento?id=583981&cvm=true
0,PLCA,https://fnet.bmfbovespa.com.br/fnet/publico/exibirDocumento?id=571646&cvm=true
0,PLCA,https://fnet.bmfbovespa.com.br/fnet/publico/exibirDocumento?id=571495&cvm=true
0,PLCA,https://fnet.bmfbovespa.com.br/fnet/publico/exibirDocumento?id=555769&cvm=true
0,PLCA,https://fnet.bmfbovespa.com.br/fnet/publico/exibirDocumento?id=536734&cvm=true
0,PLCA,https://fnet.bmfbovespa.com.br/fnet/publico/exibirDocumento?id=522126&cvm=true
0,PLCA,https://fnet.bmfbovespa.com.br/fnet/publico/exibirDocumento?id=506080&cvm=true
0,PLCA,https://fnet.bmfbovespa.com.br/fnet/publico/exibirDocumento?id=492233&cvm=true
0,PLCA,https://fnet.bmfbovespa.com.br/fnet/publico/exibirDocumento?id=479643&cvm=true
0,PLCA,https://fnet.bmfbovespa.com.br/fnet/publico/exibirDocumento?id=462568&cvm=true
0,PLCA,https://fnet.bmfbovespa.com.br/fnet/publico/exibirDocumento?id=447170&cvm=true
0,PLCA,https://fnet.bmfbovespa.com.br/fnet/publico/exibirDocumento?id=430692&cvm=true
0,PLCA,https://fnet.bmfbovespa.com.br/fnet/publico/exibirDocumento?id=418711&cvm=true
0,PLCA,https://fnet.bmfbovespa.com.br/fnet/publico/exibirDocumento?id=401797&cvm=true
0,PLCA,https://fnet.bmfbovespa.com.br/fnet/publico/exibirDocumento?id=390375&cvm=true
0,PLCA,https://fnet.bmfbovespa.com.br/fnet/publico/exibirDocumento?id=378553&cvm=true
0,PLCA,https://fnet.bmfbovespa.com.br/fnet/publico/exibirDocumento?id=365062&cvm=true
0,PLCA,https://fnet.bmfbovespa.com.br/fnet/publico/exibirDocumento?id=352973&cvm=true
0,PLCA,https://fnet.bmfbovespa.com.br/fnet/publico/exibirDocumento?id=338265&cvm=true
0,RURA,https://fnet.bmfbovespa.com.br/fnet/publico/exibirDocumento?id=754812&cvm=true
0,RURA,https://fnet.bmfbovespa.com.br/fnet/publico/exibirDocumento?id=736041&cvm=true
0,RURA,https://fnet.bmfbovespa.com.br/fnet/publico/exibirDocumento?id=716892&cvm=true
0,RURA,https://fnet.bmfbovespa.com.br/fnet/publico/exibirDocumento?id=697149&cvm=true
0,RURA,https://fnet.bmfbovespa.com.br/fnet/publico/exibirDocumento?id=678302&cvm=true
0,RURA,https://fnet.bmfbovespa.com.br/fnet/publico/exibirDocumento?id=662608&cvm=true
0,RURA,https://fnet.bmfbovespa.com.br/fnet/publico/exibirDocumento?id=637912&cvm=true
0,RURA,https://fnet.bmfbovespa.com.br/fnet/publico/exibirDocumento?id=619706&cvm=true
0,RURA,https://fnet.bmfbovespa.com.br/fnet/publico/exibirDocumento?id=601456&cvm=true
0,RURA,https://fnet.bmfbovespa.com.br/fnet/publico/exibirDocumento?id=583332&cvm=true
0,RURA,https://fnet.bmfbovespa.com.br/fnet/publico/exibirDocumento?id=568344&cvm=true
0,RURA,https://fnet.bmfbovespa.com.br/fnet/publico/exibirDocumento?id=552038&cvm=true
0,RURA,https://fnet.bmfbovespa.com.br/fnet/publico/exibirDocumento?id=536078&cvm=true
0,RURA,https://fnet.bmfbovespa.com.br/fnet/publico/exibirDocumento?id=521009&cvm=true
0,RURA,https://fnet.bmfbovespa.com.br/fnet/publico/exibirDocumento?id=506316&cvm=true
0,RURA,https://fnet.bmfbovespa.com.br/fnet/publico/exibirDocumento?id=491218&cvm=true
0,RURA,https://fnet.bmfbovespa.com.br/fnet/publico/exibirDocumento?id=477228&cvm=true
0,RURA,https://fnet.bmfbovespa.com.br/fnet/publico/exibirDocumento?id=463003&cvm=true
0,RURA,https://fnet.bmfbovespa.com.br/fnet/publico/exibirDocumento?id=445606&cvm=true
0,RURA,https://fnet.bmfbovespa.com.br/fnet/publico/exibirDocumento?id=430031&cvm=true
0,RURA,https://fnet.bmfbovespa.com.br/fnet/publico/exibirDocumento?id=416704&cvm=true
0,RURA,https://fnet.bmfbovespa.com.br/fnet/publico/exibirDocumento?id=401336&cvm=true
0,RURA,https://fnet.bmfbovespa.com.br/fnet/publico/exibirDocumento?id=389492&cvm=true
0,RURA,https://fnet.bmfbovespa.com.br/fnet/publico/exibirDocumento?id=375725&cvm=true
0,RURA,https://fnet.bmfbovespa.com.br/fnet/publico/exibirDocumento?id=363412&cvm=true
0,RURA,https://fnet.bmfbovespa.com.br/fnet/publico/exibirDocumento?id=351374&cvm=true
0,RURA,https://fnet.bmfbovespa.com.br/fnet/publico/exibirDocumento?id=337802&cvm=true
0,RURA,https://fnet.bmfbovespa.com.br/fnet/publico/exibirDocumento?id=324976&cvm=true
0,RURA,https://fnet.bmfbovespa.com.br/fnet/publico/exibirDocumento?id=314534&cvm=true
0,RURA,https://fnet.bmfbovespa.com.br/fnet/publico/exibirDocumento?id=300299&cvm=true
0,RURA,https://fnet.bmfbovespa.com.br/fnet/publico/exibirDocumento?id=289890&cvm=true
0,RURA,https://fnet.bmfbovespa.com.br/fnet/publico/exibirDocumento?id=277568&cvm=true
0,RZAG,https://fnet.bmfbovespa.com.br/fnet/publico/exibirDocumento?id=756202&cvm=true
0,RZAG,https://fnet.bmfbovespa.com.br/fnet/publico/exibirDocumento?id=737166&cvm=true
0,RZAG,https://fnet.bmfbovespa.com.br/fnet/publico/exibirDocumento?id=734569&cvm=true
0,RZAG,https://fnet.bmfbovespa.com.br/fnet/publico/exibirDocumento?id=734572&cvm=true
0,RZAG,https://fnet.bmfbovespa.com.br/fnet/publico/exibirDocumento?id=734564&cvm=true
0,RZAG,https://fnet.bmfbovespa.com.br/fnet/publico/exibirDocumento?id=717406&cvm=true
0,RZAG,https://fnet.bmfbovespa.com.br/fnet/publico/exibirDocumento?id=698551&cvm=true
0,RZAG,https://fnet.bmfbovespa.com.br/fnet/publico/exibirDocumento?id=680052&cvm=true
0,RZAG,https://fnet.bmfbovespa.com.br/fnet/publico/exibirDocumento?id=660153&cvm=true
0,RZAG,https://fnet.bmfbovespa.com.br/fnet/publico/exibirDocumento?id=659863&cvm=true
0,RZAG,https://fnet.bmfbovespa.com.br/fnet/publico/exibirDocumento?id=660163&cvm=true
0,RZAG,https://fnet.bmfbovespa.com.br/fnet/publico/exibirDocumento?id=660159&cvm=true
0,RZAG,https://fnet.bmfbovespa.com.br/fnet/publico/exibirDocumento?id=660061&cvm=true
0,RZAG,https://fnet.bmfbovespa.com.br/fnet/publico/exibirDocumento?id=638942&cvm=true
0,RZAG,https://fnet.bmfbovespa.com.br/fnet/publico/exibirDocumento?id=619397&cvm=true
0,RZAG,https://fnet.bmfbovespa.com.br/fnet/publico/exibirDocumento?id=604852&cvm=true
0,RZAG,https://fnet.bmfbovespa.com.br/fnet/publico/exibirDocumento?id=583959&cvm=true
0,RZAG,https://fnet.bmfbovespa.com.br/fnet/publico/exibirDocumento?id=570421&cvm=true
0,RZAG,https://fnet.bmfbovespa.com.br/fnet/publico/exibirDocumento?id=550819&cvm=true
0,RZAG,https://fnet.bmfbovespa.com.br/fnet/publico/exibirDocumento?id=536163&cvm=true
0,RZAG,https://fnet.bmfbovespa.com.br/fnet/publico/exibirDocumento?id=517499&cvm=true
0,RZAG,https://fnet.bmfbovespa.com.br/fnet/publico/exibirDocumento?id=504032&cvm=true
0,RZAG,https://fnet.bmfbovespa.com.br/fnet/publico/exibirDocumento?id=489767&cvm=true
0,RZAG,https://fnet.bmfbovespa.com.br/fnet/publico/exibirDocumento?id=477575&cvm=true
0,RZAG,https://fnet.bmfbovespa.com.br/fnet/publico/exibirDocumento?id=459985&cvm=true
0,RZAG,https://fnet.bmfbovespa.com.br/fnet/publico/exibirDocumento?id=444294&cvm=true
0,RZAG,https://fnet.bmfbovespa.com.br/fnet/publico/exibirDocumento?id=427527&cvm=true
0,RZAG,https://fnet.bmfbovespa.com.br/fnet/publico/exibirDocumento?id=417220&cvm=true
0,RZAG,https://fnet.bmfbovespa.com.br/fnet/publico/exibirDocumento?id=404683&cvm=true
0,RZAG,https://fnet.bmfbovespa.com.br/fnet/publico/exibirDocumento?id=401770&cvm=true
0,RZAG,https://fnet.bmfbovespa.com.br/fnet/publico/exibirDocumento?id=389535&cvm=true
0,RZAG,https://fnet.bmfbovespa.com.br/fnet/publico/exibirDocumento?id=374994&cvm=true
0,RZAG,https://fnet.bmfbovespa.com.br/fnet/publico/exibirDocumento?id=365043&cvm=true
0,RZAG,https://fnet.bmfbovespa.com.br/fnet/publico/exibirDocumento?id=352141&cvm=true
0,RZAG,https://fnet.bmfbovespa.com.br/fnet/publico/exibirDocumento?id=338238&cvm=true
0,RZAG,https://fnet.bmfbovespa.com.br/fnet/publico/exibirDocumento?id=329304&cvm=true
0,RZAG,https://fnet.bmfbovespa.com.br/fnet/publico/exibirDocumento?id=325748&cvm=true
0,RZAG,https://fnet.bmfbovespa.com.br/fnet/publico/exibirDocumento?id=314836&cvm=true
0,RZAG,https://fnet.bmfbovespa.com.br/fnet/publico/exibirDocumento?id=302149&cvm=true
0,RZAG,https://fnet.bmfbovespa.com.br/fnet/publico/exibirDocumento?id=288058&cvm=true
0,RZAG,https://fnet.bmfbovespa.com.br/fnet/publico/exibirDocumento?id=276198&cvm=true
0,RZAG,https://fnet.bmfbovespa.com.br/fnet/publico/exibirDocumento?id=266838&cvm=true
0,RZAG,https://fnet.bmfbovespa.com.br/fnet/publico/exibirDocumento?id=255298&cvm=true
0,RZEO,https://fnet.bmfbovespa.com.br/fnet/publico/exibirDocumento?id=756201&cvm=true
0,RZEO,https://fnet.bmfbovespa.com.br/fnet/publico/exibirDocumento?id=737165&cvm=true
0,RZEO,https://fnet.bmfbovespa.com.br/fnet/publico/exibirDocumento?id=717405&cvm=true
0,RZEO,https://fnet.bmfbovespa.com.br/fnet/publico/exibirDocumento?id=711519&cvm=true
0,RZEO,https://fnet.bmfbovespa.com.br/fnet/publico/exibirDocumento?id=698550&cvm=true
0,RZEO,https://fnet.bmfbovespa.com.br/fnet/publico/exibirDocumento?id=681410&cvm=true
0,RZEO,https://fnet.bmfbovespa.com.br/fnet/publico/exibirDocumento?id=658301&cvm=true
0,RZEO,https://fnet.bmfbovespa.com.br/fnet/publico/exibirDocumento?id=638941&cvm=true
0,RZEO,https://fnet.bmfbovespa.com.br/fnet/publico/exibirDocumento?id=619407&cvm=true
0,RZEO,https://fnet.bmfbovespa.com.br/fnet/publico/exibirDocumento?id=605043&cvm=true
0,RZEO,https://fnet.bmfbovespa.com.br/fnet/publico/exibirDocumento?id=583954&cvm=true
0,RZEO,https://fnet.bmfbovespa.com.br/fnet/publico/exibirDocumento?id=570416&cvm=true
0,RZEO,https://fnet.bmfbovespa.com.br/fnet/publico/exibirDocumento?id=550824&cvm=true
0,RZEO,https://fnet.bmfbovespa.com.br/fnet/publico/exibirDocumento?id=536165&cvm=true
0,RZEO,https://fnet.bmfbovespa.com.br/fnet/publico/exibirDocumento?id=517498&cvm=true
0,RZEO,https://fnet.bmfbovespa.com.br/fnet/publico/exibirDocumento?id=504050&cvm=true
0,RZEO,https://fnet.bmfbovespa.com.br/fnet/publico/exibirDocumento?id=490419&cvm=true
0,RZEO,https://fnet.bmfbovespa.com.br/fnet/publico/exibirDocumento?id=477587&cvm=true
0,RZEO,https://fnet.bmfbovespa.com.br/fnet/publico/exibirDocumento?id=460069&cvm=true
0,RZEO,https://fnet.bmfbovespa.com.br/fnet/publico/exibirDocumento?id=445843&cvm=true
0,SNAG,https://fnet.bmfbovespa.com.br/fnet/publico/exibirDocumento?id=759779&cvm=true
0,SNAG,https://fnet.bmfbovespa.com.br/fnet/publico/exibirDocumento?id=742332&cvm=true
0,SNAG,https://fnet.bmfbovespa.com.br/fnet/publico/exibirDocumento?id=738790&cvm=true
0,SNAG,https://fnet.bmfbovespa.com.br/fnet/publico/exibirDocumento?id=722531&cvm=true
0,SNAG,https://fnet.bmfbovespa.com.br/fnet/publico/exibirDocumento?id=721232&cvm=true
0,SNAG,https://fnet.bmfbovespa.com.br/fnet/publico/exibirDocumento?id=699799&cvm=true
0,SNAG,https://fnet.bmfbovespa.com.br/fnet/publico/exibirDocumento?id=680488&cvm=true
0,SNAG,https://fnet.bmfbovespa.com.br/fnet/publico/exibirDocumento?id=662969&cvm=true
0,SNAG,https://fnet.bmfbovespa.com.br/fnet/publico/exibirDocumento?id=639629&cvm=true
0,SNAG,https://fnet.bmfbovespa.com.br/fnet/publico/exibirDocumento?id=621141&cvm=true
0,SNAG,https://fnet.bmfbovespa.com.br/fnet/publico/exibirDocumento?id=604293&cvm=true
0,SNAG,https://fnet.bmfbovespa.com.br/fnet/publico/exibirDocumento?id=585758&cvm=true
0,SNAG,https://fnet.bmfbovespa.com.br/fnet/publico/exibirDocumento?id=569886&cvm=true
0,SNAG,https://fnet.bmfbovespa.com.br/fnet/publico/exibirDocumento?id=555391&cvm=true
0,SNAG,https://fnet.bmfbovespa.com.br/fnet/publico/exibirDocumento?id=536905&cvm=true
0,SNAG,https://fnet.bmfbovespa.com.br/fnet/publico/exibirDocumento?id=521861&cvm=true
0,SNAG,https://fnet.bmfbovespa.com.br/fnet/publico/exibirDocumento?id=508642&cvm=true
0,SNAG,https://fnet.bmfbovespa.com.br/fnet/publico/exibirDocumento?id=489337&cvm=true
0,SNAG,https://fnet.bmfbovespa.com.br/fnet/publico/exibirDocumento?id=478698&cvm=true
0,SNAG,https://fnet.bmfbovespa.com.br/fnet/publico/exibirDocumento?id=465828&cvm=true
0,SNAG,https://fnet.bmfbovespa.com.br/fnet/publico/exibirDocumento?id=464289&cvm=true
0,SNAG,https://fnet.bmfbovespa.com.br/fnet/publico/exibirDocumento?id=448184&cvm=true
0,SNAG,https://fnet.bmfbovespa.com.br/fnet/publico/exibirDocumento?id=448159&cvm=true
0,SNAG,https://fnet.bmfbovespa.com.br/fnet/publico/exibirDocumento?id=446856&cvm=true
0,SNAG,https://fnet.bmfbovespa.com.br/fnet/publico/exibirDocumento?id=430553&cvm=true
0,SNAG,https://fnet.bmfbovespa.com.br/fnet/publico/exibirDocumento?id=418398&cvm=true
0,SNAG,https://fnet.bmfbovespa.com.br/fnet/publico/exibirDocumento?id=401100&cvm=true
0,SNAG,https://fnet.bmfbovespa.com.br/fnet/publico/exibirDocumento?id=390171&cvm=true
0,SNAG,https://fnet.bmfbovespa.com.br/fnet/publico/exibirDocumento?id=377915&cvm=true
0,SNAG,https://fnet.bmfbovespa.com.br/fnet/publico/exibirDocumento?id=364862&cvm=true
0,SNAG,https://fnet.bmfbovespa.com.br/fnet/publico/exibirDocumento?id=352387&cvm=true
0,SNAG,https://fnet.bmfbovespa.com.br/fnet/publico/exibirDocumento?id=339219&cvm=true
0,VCRA,https://fnet.bmfbovespa.com.br/fnet/publico/exibirDocumento?id=757252&cvm=true
0,VCRA,https://fnet.bmfbovespa.com.br/fnet/publico/exibirDocumento?id=737808&cvm=true
0,VCRA,https://fnet.bmfbovespa.com.br/fnet/publico/exibirDocumento?id=718769&cvm=true
0,VCRA,https://fnet.bmfbovespa.com.br/fnet/publico/exibirDocumento?id=697154&cvm=true
0,VCRA,https://fnet.bmfbovespa.com.br/fnet/publico/exibirDocumento?id=678307&cvm=true
0,VCRA,https://fnet.bmfbovespa.com.br/fnet/publico/exibirDocumento?id=662612&cvm=true
0,VCRA,https://fnet.bmfbovespa.com.br/fnet/publico/exibirDocumento?id=637917&cvm=true
0,VCRA,https://fnet.bmfbovespa.com.br/fnet/publico/exibirDocumento?id=619710&cvm=true
0,VCRA,https://fnet.bmfbovespa.com.br/fnet/publico/exibirDocumento?id=601460&cvm=true
0,VCRA,https://fnet.bmfbovespa.com.br/fnet/publico/exibirDocumento?id=583329&cvm=true
0,VCRA,https://fnet.bmfbovespa.com.br/fnet/publico/exibirDocumento?id=568942&cvm=true
0,VCRA,https://fnet.bmfbovespa.com.br/fnet/publico/exibirDocumento?id=552035&cvm=true
0,VCRA,https://fnet.bmfbovespa.com.br/fnet/publico/exibirDocumento?id=536075&cvm=true
0,VCRA,https://fnet.bmfbovespa.com.br/fnet/publico/exibirDocumento?id=521006&cvm=true
0,VCRA,https://fnet.bmfbovespa.com.br/fnet/publico/exibirDocumento?id=506332&cvm=true
0,VCRA,https://fnet.bmfbovespa.com.br/fnet/publico/exibirDocumento?id=491215&cvm=true
0,VCRA,https://fnet.bmfbovespa.com.br/fnet/publico/exibirDocumento?id=476948&cvm=true
0,VCRA,https://fnet.bmfbovespa.com.br/fnet/publico/exibirDocumento?id=463020&cvm=true
0,VCRA,https://fnet.bmfbovespa.com.br/fnet/publico/exibirDocumento?id=445560&cvm=true
0,VCRA,https://fnet.bmfbovespa.com.br/fnet/publico/exibirDocumento?id=430047&cvm=true
0,VCRA,https://fnet.bmfbovespa.com.br/fnet/publico/exibirDocumento?id=416701&cvm=true
0,VCRA,https://fnet.bmfbovespa.com.br/fnet/publico/exibirDocumento?id=401352&cvm=true
0,VCRA,https://fnet.bmfbovespa.com.br/fnet/publico/exibirDocumento?id=389489&cvm=true
0,VCRA,https://fnet.bmfbovespa.com.br/fnet/publico/exibirDocumento?id=375738&cvm=true
0,VCRA,https://fnet.bmfbovespa.com.br/fnet/publico/exibirDocumento?id=363425&cvm=true
0,VCRA,https://fnet.bmfbovespa.com.br/fnet/publico/exibirDocumento?id=355520&cvm=true
0,VCRA,https://fnet.bmfbovespa.com.br/fnet/publico/exibirDocumento?id=351387&cvm=true
0,VCRA,https://fnet.bmfbovespa.com.br/fnet/publico/exibirDocumento?id=337815&cvm=true
0,VCRA,https://fnet.bmfbovespa.com.br/fnet/publico/exibirDocumento?id=324987&cvm=true
0,VCRA,https://fnet.bmfbovespa.com.br/fnet/publico/exibirDocumento?id=314546&cvm=true
0,VCRA,https://fnet.bmfbovespa.com.br/fnet/publico/exibirDocumento?id=300305&cvm=true
0,VCRA,https://fnet.bmfbovespa.com.br/fnet/publico/exibirDocumento?id=289902&cvm=true
0,VCRA,https://fnet.bmfbovespa.com.br/fnet/publico/exibirDocumento?id=277579&cvm=true
0,VCRA,https://fnet.bmfbovespa.com.br/fnet/publico/exibirDocumento?id=266741&cvm=true
0,VCRA,https://fnet.bmfbovespa.com.br/fnet/publico/exibirDocumento?id=256705&cvm=true
0,VGIA,https://fnet.bmfbovespa.com.br/fnet/publico/exibirDocumento?id=758764&cvm=true
0,VGIA,https://fnet.bmfbovespa.com.br/fnet/publico/exibirDocumento?id=739117&cvm=true
0,VGIA,https://fnet.bmfbovespa.com.br/fnet/publico/exibirDocumento?id=719555&cvm=true
0,VGIA,https://fnet.bmfbovespa.com.br/fnet/publico/exibirDocumento?id=699290&cvm=true
0,VGIA,https://fnet.bmfbovespa.com.br/fnet/publico/exibirDocumento?id=682317&cvm=true
0,VGIA,https://fnet.bmfbovespa.com.br/fnet/publico/exibirDocumento?id=663679&cvm=true
0,VGIA,https://fnet.bmfbovespa.com.br/fnet/publico/exibirDocumento?id=639567&cvm=true
0,VGIA,https://fnet.bmfbovespa.com.br/fnet/publico/exibirDocumento?id=621520&cvm=true
0,VGIA,https://fnet.bmfbovespa.com.br/fnet/publico/exibirDocumento?id=605418&cvm=true
0,VGIA,https://fnet.bmfbovespa.com.br/fnet/publico/exibirDocumento?id=585231&cvm=true
0,VGIA,https://fnet.bmfbovespa.com.br/fnet/publico/exibirDocumento?id=571423&cvm=true
0,VGIA,https://fnet.bmfbovespa.com.br/fnet/publico/exibirDocumento?id=555860&cvm=true
0,VGIA,https://fnet.bmfbovespa.com.br/fnet/publico/exibirDocumento?id=537516&cvm=true
0,VGIA,https://fnet.bmfbovespa.com.br/fnet/publico/exibirDocumento?id=517299&cvm=true
0,VGIA,https://fnet.bmfbovespa.com.br/fnet/publico/exibirDocumento?id=509583&cvm=true
0,VGIA,https://fnet.bmfbovespa.com.br/fnet/publico/exibirDocumento?id=490252&cvm=true
0,VGIA,https://fnet.bmfbovespa.com.br/fnet/publico/exibirDocumento?id=479626&cvm=true
0,VGIA,https://fnet.bmfbovespa.com.br/fnet/publico/exibirDocumento?id=473343&cvm=true
0,VGIA,https://fnet.bmfbovespa.com.br/fnet/publico/exibirDocumento?id=473345&cvm=true
0,VGIA,https://fnet.bmfbovespa.com.br/fnet/publico/exibirDocumento?id=473347&cvm=true
0,VGIA,https://fnet.bmfbovespa.com.br/fnet/publico/exibirDocumento?id=473344&cvm=true
0,VGIA,https://fnet.bmfbovespa.com.br/fnet/publico/exibirDocumento?id=464761&cvm=true
0,VGIA,https://fnet.bmfbovespa.com.br/fnet/publico/exibirDocumento?id=447391&cvm=true
0,VGIA,https://fnet.bmfbovespa.com.br/fnet/publico/exibirDocumento?id=447352&cvm=true
0,VGIA,https://fnet.bmfbovespa.com.br/fnet/publico/exibirDocumento?id=430799&cvm=true
0,VGIA,https://fnet.bmfbovespa.com.br/fnet/publico/exibirDocumento?id=418827&cvm=true
0,VGIA,https://fnet.bmfbovespa.com.br/fnet/publico/exibirDocumento?id=402766&cvm=true
0,VGIA,https://fnet.bmfbovespa.com.br/fnet/publico/exibirDocumento?id=394529&cvm=true
0,VGIA,https://fnet.bmfbovespa.com.br/fnet/publico/exibirDocumento?id=390639&cvm=true
0,VGIA,https://fnet.bmfbovespa.com.br/fnet/publico/exibirDocumento?id=379662&cvm=true
0,VGIA,https://fnet.bmfbovespa.com.br/fnet/publico/exibirDocumento?id=365838&cvm=true
0,VGIA,https://fnet.bmfbovespa.com.br/fnet/publico/exibirDocumento?id=354110&cvm=true
0,VGIA,https://fnet.bmfbovespa.com.br/fnet/publico/exibirDocumento?id=352303&cvm=true
0,VGIA,https://fnet.bmfbovespa.com.br/fnet/publico/exibirDocumento?id=340337&cvm=true
0,VGIA,https://fnet.bmfbovespa.com.br/fnet/publico/exibirDocumento?id=327858&cvm=true
0,VGIA,https://fnet.bmfbovespa.com.br/fnet/publico/exibirDocumento?id=315514&cvm=true
0,VGIA,https://fnet.bmfbovespa.com.br/fnet/publico/exibirDocumento?id=306012&cvm=true
0,VGIA,https://fnet.bmfbovespa.com.br/fnet/publico/exibirDocumento?id=290684&cvm=true
0,VGIA,https://fnet.bmfbovespa.com.br/fnet/publico/exibirDocumento?id=278676&cvm=true
0,VGIA,https://fnet.bmfbovespa.com.br/fnet/publico/exibirDocumento?id=269473&cvm=true
0,XPCA,https://fnet.bmfbovespa.com.br/fnet/publico/exibirDocumento?id=759004&cvm=true
0,XPCA,https://fnet.bmfbovespa.com.br/fnet/publico/exibirDocumento?id=738670&cvm=true
0,XPCA,https://fnet.bmfbovespa.com.br/fnet/publico/exibirDocumento?id=718415&cvm=true
0,XPCA,https://fnet.bmfbovespa.com.br/fnet/publico/exibirDocumento?id=695182&cvm=true
0,XPCA,https://fnet.bmfbovespa.com.br/fnet/publico/exibirDocumento?id=679970&cvm=true
0,XPCA,https://fnet.bmfbovespa.com.br/fnet/publico/exibirDocumento?id=656907&cvm=true
0,XPCA,https://fnet.bmfbovespa.com.br/fnet/publico/exibirDocumento?id=640369&cvm=true
0,XPCA,https://fnet.bmfbovespa.com.br/fnet/publico/exibirDocumento?id=620382&cvm=true
0,XPCA,https://fnet.bmfbovespa.com.br/fnet/publico/exibirDocumento?id=611514&cvm=true
0,XPCA,https://fnet.bmfbovespa.com.br/fnet/publico/exibirDocumento?id=602975&cvm=true
0,XPCA,https://fnet.bmfbovespa.com.br/fnet/publico/exibirDocumento?id=585099&cvm=true
0,XPCA,https://fnet.bmfbovespa.com.br/fnet/publico/exibirDocumento?id=571466&cvm=true
0,XPCA,https://fnet.bmfbovespa.com.br/fnet/publico/exibirDocumento?id=555732&cvm=true
0,XPCA,https://fnet.bmfbovespa.com.br/fnet/publico/exibirDocumento?id=536121&cvm=true
0,XPCA,https://fnet.bmfbovespa.com.br/fnet/publico/exibirDocumento?id=522651&cvm=true
0,XPCA,https://fnet.bmfbovespa.com.br/fnet/publico/exibirDocumento?id=509406&cvm=true
0,XPCA,https://fnet.bmfbovespa.com.br/fnet/publico/exibirDocumento?id=492984&cvm=true
0,XPCA,https://fnet.bmfbovespa.com.br/fnet/publico/exibirDocumento?id=479465&cvm=true
0,XPCA,https://fnet.bmfbovespa.com.br/fnet/publico/exibirDocumento?id=462036&cvm=true
0,XPCA,https://fnet.bmfbovespa.com.br/fnet/publico/exibirDocumento?id=447201&cvm=true
0,XPCA,https://fnet.bmfbovespa.com.br/fnet/publico/exibirDocumento?id=430603&cvm=true
0,XPCA,https://fnet.bmfbovespa.com.br/fnet/publico/exibirDocumento?id=418927&cvm=true
0,XPCA,https://fnet.bmfbovespa.com.br/fnet/publico/exibirDocumento?id=402710&cvm=true
0,XPCA,https://fnet.bmfbovespa.com.br/fnet/publico/exibirDocumento?id=390491&cvm=true
0,XPCA,https://fnet.bmfbovespa.com.br/fnet/publico/exibirDocumento?id=378393&cvm=true
0,XPCA,https://fnet.bmfbovespa.com.br/fnet/publico/exibirDocumento?id=365131&cvm=true
0,XPCA,https://fnet.bmfbovespa.com.br/fnet/publico/exibirDocumento?id=352206&cvm=true
0,XPCA,https://fnet.bmfbovespa.com.br/fnet/publico/exibirDocumento?id=336467&cvm=true
0,XPCA,https://fnet.bmfbovespa.com.br/fnet/publico/exibirDocumento?id=324057&cvm=true
0,XPCA,https://fnet.bmfbovespa.com.br/fnet/publico/exibirDocumento?id=314920&cvm=true
0,XPCA,https://fnet.bmfbovespa.com.br/fnet/publico/exibirDocumento?id=314281&cvm=true
0,XPCA,https://fnet.bmfbovespa.com.br/fnet/publico/exibirDocumento?id=300542&cvm=true
0,XPCA,https://fnet.bmfbovespa.com.br/fnet/publico/exibirDocumento?id=290599&cvm=true
0,XPCA,https://fnet.bmfbovespa.com.br/fnet/publico/exibirDocumento?id=276330&cvm=true
0,XPCA,https://fnet.bmfbovespa.com.br/fnet/publico/exibirDocumento?id=266273&cvm=true
0,XPCA,https://fnet.bmfbovespa.com.br/fnet/publico/exibirDocumento?id=257053&cvm=true
